INSERT INTO OFFENDER_IEP_LEVELS (OFFENDER_BOOK_ID, IEP_LEVEL_SEQ, IEP_DATE, IEP_TIME, AGY_LOC_ID, IEP_LEVEL, COMMENT_TEXT, USER_ID) VALUES (-1, 1, TO_DATE('2000-02-01', 'YYYY-MM-DD'), TO_DATE('2000-02-01 12:41:12', 'YYYY-MM-DD HH24:MI:SS'), 'AG1', 'BAS', 'Assaulted Another Inmate', 'OFFICER1');
INSERT INTO OFFENDER_SENTENCE_TERMS (OFFENDER_BOOK_ID, SENTENCE_SEQ, TERM_SEQ, SENTENCE_TERM_CODE, YEARS, MONTHS, START_DATE, END_DATE, LIFE_SENTENCE_FLAG) VALUES (-1, 1, 1, 'IMP', 1, 0, TO_DATE('2007-10-16', 'YYYY-MM-DD'), TO_DATE('2008-10-15', 'YYYY-MM-DD'), 'N');
INSERT INTO OFFENDER_SENT_CALCULATIONS (OFFENDER_SENT_CALCULATION_ID, OFFENDER_BOOK_ID, CALCULATION_DATE, APD_CALCULATED_DATE,  CRD_CALCULATED_DATE, SED_CALCULATED_DATE, CALC_REASON_CODE) VALUES (-1, -1, TO_DATE('2007-10-16', 'YYYY-MM-DD'), TO_DATE('2008-04-13', 'YYYY-MM-DD'),  TO_DATE('2008-10-10', 'YYYY-MM-DD'), TO_DATE('2009-03-19', 'YYYY-MM-DD'), 'NEW');
INSERT INTO OFFENDER_RELEASE_DETAILS (OFFENDER_BOOK_ID, RELEASE_DATE, COMMENT_TEXT, MOVEMENT_TYPE, MOVEMENT_REASON_CODE, EVENT_ID) VALUES (-1, TO_DATE('2012-10-14', 'YYYY-MM-DD'), null, 'REL', 'DD', 1);

INSERT INTO OFFENDER_IEP_LEVELS (OFFENDER_BOOK_ID, IEP_LEVEL_SEQ, IEP_DATE, IEP_TIME, AGY_LOC_ID, IEP_LEVEL, COMMENT_TEXT, USER_ID) VALUES (-2, 1, TO_DATE('2000-02-08', 'YYYY-MM-DD'), TO_DATE('2000-02-08 12:41:12', 'YYYY-MM-DD HH24:MI:SS'), 'AG1', 'BAS', 'Assaulted Another Inmate', 'OFFICER1');
INSERT INTO OFFENDER_SENTENCE_TERMS (OFFENDER_BOOK_ID, SENTENCE_SEQ, TERM_SEQ, SENTENCE_TERM_CODE, YEARS, MONTHS, START_DATE, END_DATE, LIFE_SENTENCE_FLAG) VALUES (-2, 1, 1, 'IMP', 1, 1, TO_DATE('2007-10-21', 'YYYY-MM-DD'), TO_DATE('2008-11-17', 'YYYY-MM-DD'), 'N');
INSERT INTO OFFENDER_SENT_CALCULATIONS (OFFENDER_SENT_CALCULATION_ID, OFFENDER_BOOK_ID, CALCULATION_DATE, APD_CALCULATED_DATE,  CRD_CALCULATED_DATE, SED_CALCULATED_DATE, CALC_REASON_CODE) VALUES (-2, -2, TO_DATE('2007-10-21', 'YYYY-MM-DD'), TO_DATE('2008-04-18', 'YYYY-MM-DD'),  TO_DATE('2008-10-15', 'YYYY-MM-DD'), TO_DATE('2009-03-24', 'YYYY-MM-DD'), 'NEW');
INSERT INTO OFFENDER_RELEASE_DETAILS (OFFENDER_BOOK_ID, RELEASE_DATE, COMMENT_TEXT, MOVEMENT_TYPE, MOVEMENT_REASON_CODE, EVENT_ID) VALUES (-2, TO_DATE('2012-11-16', 'YYYY-MM-DD'), null, 'REL', 'DD', 2);

INSERT INTO OFFENDER_IEP_LEVELS (OFFENDER_BOOK_ID, IEP_LEVEL_SEQ, IEP_DATE, IEP_TIME, AGY_LOC_ID, IEP_LEVEL, COMMENT_TEXT, USER_ID) VALUES (-3, 1, TO_DATE('2000-02-15', 'YYYY-MM-DD'), TO_DATE('2000-02-15 12:41:12', 'YYYY-MM-DD HH24:MI:SS'), 'AG1', 'BAS', 'Assaulted Another Inmate', 'OFFICER1');
INSERT INTO OFFENDER_SENTENCE_TERMS (OFFENDER_BOOK_ID, SENTENCE_SEQ, TERM_SEQ, SENTENCE_TERM_CODE, YEARS, MONTHS, START_DATE, END_DATE, LIFE_SENTENCE_FLAG) VALUES (-3, 1, 1, 'IMP', 1, 2, TO_DATE('2007-10-26', 'YYYY-MM-DD'), TO_DATE('2008-12-20', 'YYYY-MM-DD'), 'N');
INSERT INTO OFFENDER_SENT_CALCULATIONS (OFFENDER_SENT_CALCULATION_ID, OFFENDER_BOOK_ID, CALCULATION_DATE, APD_CALCULATED_DATE,  CRD_CALCULATED_DATE, SED_CALCULATED_DATE, CALC_REASON_CODE) VALUES (-3, -3, TO_DATE('2007-10-26', 'YYYY-MM-DD'), TO_DATE('2008-04-23', 'YYYY-MM-DD'),  TO_DATE('2008-10-20', 'YYYY-MM-DD'), TO_DATE('2009-03-29', 'YYYY-MM-DD'), 'NEW');
INSERT INTO OFFENDER_RELEASE_DETAILS (OFFENDER_BOOK_ID, RELEASE_DATE, COMMENT_TEXT, MOVEMENT_TYPE, MOVEMENT_REASON_CODE, EVENT_ID) VALUES (-3, TO_DATE('2012-12-19', 'YYYY-MM-DD'), null, 'REL', 'DD', 3);

INSERT INTO OFFENDER_IEP_LEVELS (OFFENDER_BOOK_ID, IEP_LEVEL_SEQ, IEP_DATE, IEP_TIME, AGY_LOC_ID, IEP_LEVEL, COMMENT_TEXT, USER_ID) VALUES (-4, 1, TO_DATE('2000-02-22', 'YYYY-MM-DD'), TO_DATE('2000-02-22 12:41:12', 'YYYY-MM-DD HH24:MI:SS'), 'AG1', 'BAS', 'Assaulted Another Inmate', 'OFFICER1');
INSERT INTO OFFENDER_SENTENCE_TERMS (OFFENDER_BOOK_ID, SENTENCE_SEQ, TERM_SEQ, SENTENCE_TERM_CODE, YEARS, MONTHS, START_DATE, END_DATE, LIFE_SENTENCE_FLAG) VALUES (-4, 1, 1, 'IMP', 1, 3, TO_DATE('2007-10-31', 'YYYY-MM-DD'), TO_DATE('2009-01-22', 'YYYY-MM-DD'), 'N');
INSERT INTO OFFENDER_SENT_CALCULATIONS (OFFENDER_SENT_CALCULATION_ID, OFFENDER_BOOK_ID, CALCULATION_DATE, APD_CALCULATED_DATE,  CRD_CALCULATED_DATE, SED_CALCULATED_DATE, CALC_REASON_CODE) VALUES (-4, -4, TO_DATE('2007-10-31', 'YYYY-MM-DD'), TO_DATE('2008-04-28', 'YYYY-MM-DD'),  TO_DATE('2008-10-25', 'YYYY-MM-DD'), TO_DATE('2009-04-03', 'YYYY-MM-DD'), 'NEW');
INSERT INTO OFFENDER_RELEASE_DETAILS (OFFENDER_BOOK_ID, RELEASE_DATE, COMMENT_TEXT, MOVEMENT_TYPE, MOVEMENT_REASON_CODE, EVENT_ID) VALUES (-4, TO_DATE('2013-01-21', 'YYYY-MM-DD'), null, 'REL', 'DD', 4);

INSERT INTO OFFENDER_IEP_LEVELS (OFFENDER_BOOK_ID, IEP_LEVEL_SEQ, IEP_DATE, IEP_TIME, AGY_LOC_ID, IEP_LEVEL, COMMENT_TEXT, USER_ID) VALUES (-5, 1, TO_DATE('2000-02-29', 'YYYY-MM-DD'), TO_DATE('2000-02-29 12:41:12', 'YYYY-MM-DD HH24:MI:SS'), 'AG1', 'BAS', 'Assaulted Another Inmate', 'OFFICER1');
INSERT INTO OFFENDER_SENTENCE_TERMS (OFFENDER_BOOK_ID, SENTENCE_SEQ, TERM_SEQ, SENTENCE_TERM_CODE, YEARS, MONTHS, START_DATE, END_DATE, LIFE_SENTENCE_FLAG) VALUES (-5, 1, 1, 'IMP', 1, 4, TO_DATE('2007-11-05', 'YYYY-MM-DD'), TO_DATE('2009-02-24', 'YYYY-MM-DD'), 'N');
INSERT INTO OFFENDER_SENT_CALCULATIONS (OFFENDER_SENT_CALCULATION_ID, OFFENDER_BOOK_ID, CALCULATION_DATE, APD_CALCULATED_DATE,  CRD_CALCULATED_DATE, SED_CALCULATED_DATE, CALC_REASON_CODE) VALUES (-5, -5, TO_DATE('2007-11-05', 'YYYY-MM-DD'), TO_DATE('2008-05-03', 'YYYY-MM-DD'),  TO_DATE('2008-10-30', 'YYYY-MM-DD'), TO_DATE('2009-04-08', 'YYYY-MM-DD'), 'NEW');
INSERT INTO OFFENDER_RELEASE_DETAILS (OFFENDER_BOOK_ID, RELEASE_DATE, COMMENT_TEXT, MOVEMENT_TYPE, MOVEMENT_REASON_CODE, EVENT_ID) VALUES (-5, TO_DATE('2013-02-23', 'YYYY-MM-DD'), null, 'REL', 'DD', 1);

INSERT INTO OFFENDER_IEP_LEVELS (OFFENDER_BOOK_ID, IEP_LEVEL_SEQ, IEP_DATE, IEP_TIME, AGY_LOC_ID, IEP_LEVEL, COMMENT_TEXT, USER_ID) VALUES (-6, 1, TO_DATE('2000-03-07', 'YYYY-MM-DD'), TO_DATE('2000-03-07 12:41:12', 'YYYY-MM-DD HH24:MI:SS'), 'AG1', 'BAS', 'Assaulted Another Inmate', 'OFFICER1');
INSERT INTO OFFENDER_SENTENCE_TERMS (OFFENDER_BOOK_ID, SENTENCE_SEQ, TERM_SEQ, SENTENCE_TERM_CODE, YEARS, MONTHS, START_DATE, END_DATE, LIFE_SENTENCE_FLAG) VALUES (-6, 1, 1, 'IMP', 1, 5, TO_DATE('2007-11-10', 'YYYY-MM-DD'), TO_DATE('2009-03-29', 'YYYY-MM-DD'), 'N');
INSERT INTO OFFENDER_SENT_CALCULATIONS (OFFENDER_SENT_CALCULATION_ID, OFFENDER_BOOK_ID, CALCULATION_DATE, APD_CALCULATED_DATE,  CRD_CALCULATED_DATE, SED_CALCULATED_DATE, CALC_REASON_CODE) VALUES (-6, -6, TO_DATE('2007-11-10', 'YYYY-MM-DD'), TO_DATE('2008-05-08', 'YYYY-MM-DD'),  TO_DATE('2008-11-04', 'YYYY-MM-DD'), TO_DATE('2009-04-13', 'YYYY-MM-DD'), 'NEW');
INSERT INTO OFFENDER_RELEASE_DETAILS (OFFENDER_BOOK_ID, RELEASE_DATE, COMMENT_TEXT, MOVEMENT_TYPE, MOVEMENT_REASON_CODE, EVENT_ID) VALUES (-6, TO_DATE('2013-03-28', 'YYYY-MM-DD'), null, 'REL', 'DD', 1);

INSERT INTO OFFENDER_IEP_LEVELS (OFFENDER_BOOK_ID, IEP_LEVEL_SEQ, IEP_DATE, IEP_TIME, AGY_LOC_ID, IEP_LEVEL, COMMENT_TEXT, USER_ID) VALUES (-7, 1, TO_DATE('2000-03-14', 'YYYY-MM-DD'), TO_DATE('2000-03-14 12:41:12', 'YYYY-MM-DD HH24:MI:SS'), 'AG1', 'BAS', 'Assaulted Another Inmate', 'OFFICER1');
INSERT INTO OFFENDER_SENTENCE_TERMS (OFFENDER_BOOK_ID, SENTENCE_SEQ, TERM_SEQ, SENTENCE_TERM_CODE, YEARS, MONTHS, START_DATE, END_DATE, LIFE_SENTENCE_FLAG) VALUES (-7, 1, 1, 'IMP', 1, 6, TO_DATE('2007-11-15', 'YYYY-MM-DD'), TO_DATE('2009-05-01', 'YYYY-MM-DD'), 'N');
INSERT INTO OFFENDER_SENT_CALCULATIONS (OFFENDER_SENT_CALCULATION_ID, OFFENDER_BOOK_ID, CALCULATION_DATE, APD_CALCULATED_DATE,  CRD_CALCULATED_DATE, SED_CALCULATED_DATE, CALC_REASON_CODE) VALUES (-7, -7, TO_DATE('2007-11-15', 'YYYY-MM-DD'), TO_DATE('2008-05-13', 'YYYY-MM-DD'),  TO_DATE('2008-11-09', 'YYYY-MM-DD'), TO_DATE('2009-04-18', 'YYYY-MM-DD'), 'NEW');
INSERT INTO OFFENDER_RELEASE_DETAILS (OFFENDER_BOOK_ID, RELEASE_DATE, COMMENT_TEXT, MOVEMENT_TYPE, MOVEMENT_REASON_CODE, EVENT_ID) VALUES (-7, TO_DATE('2013-04-30', 'YYYY-MM-DD'), null, 'REL', 'DD', 1);

INSERT INTO OFFENDER_IEP_LEVELS (OFFENDER_BOOK_ID, IEP_LEVEL_SEQ, IEP_DATE, IEP_TIME, AGY_LOC_ID, IEP_LEVEL, COMMENT_TEXT, USER_ID) VALUES (-8, 1, TO_DATE('2000-03-21', 'YYYY-MM-DD'), TO_DATE('2000-03-21 12:41:12', 'YYYY-MM-DD HH24:MI:SS'), 'AG1', 'BAS', 'Assaulted Another Inmate', 'OFFICER1');
INSERT INTO OFFENDER_SENTENCE_TERMS (OFFENDER_BOOK_ID, SENTENCE_SEQ, TERM_SEQ, SENTENCE_TERM_CODE, YEARS, MONTHS, START_DATE, END_DATE, LIFE_SENTENCE_FLAG) VALUES (-8, 1, 1, 'IMP', 1, 7, TO_DATE('2007-11-20', 'YYYY-MM-DD'), TO_DATE('2009-06-03', 'YYYY-MM-DD'), 'N');
INSERT INTO OFFENDER_SENT_CALCULATIONS (OFFENDER_SENT_CALCULATION_ID, OFFENDER_BOOK_ID, CALCULATION_DATE, APD_CALCULATED_DATE,  CRD_CALCULATED_DATE, SED_CALCULATED_DATE, CALC_REASON_CODE) VALUES (-8, -8, TO_DATE('2007-11-20', 'YYYY-MM-DD'), TO_DATE('2008-05-18', 'YYYY-MM-DD'),  TO_DATE('2008-11-14', 'YYYY-MM-DD'), TO_DATE('2009-04-23', 'YYYY-MM-DD'), 'NEW');
INSERT INTO OFFENDER_RELEASE_DETAILS (OFFENDER_BOOK_ID, RELEASE_DATE, COMMENT_TEXT, MOVEMENT_TYPE, MOVEMENT_REASON_CODE, EVENT_ID) VALUES (-8, TO_DATE('2013-06-02', 'YYYY-MM-DD'), null, 'REL', 'DD', 1);

INSERT INTO OFFENDER_IEP_LEVELS (OFFENDER_BOOK_ID, IEP_LEVEL_SEQ, IEP_DATE, IEP_TIME, AGY_LOC_ID, IEP_LEVEL, COMMENT_TEXT, USER_ID) VALUES (-9, 1, TO_DATE('2000-03-28', 'YYYY-MM-DD'), TO_DATE('2000-03-28 12:41:12', 'YYYY-MM-DD HH24:MI:SS'), 'AG1', 'BAS', 'Assaulted Another Inmate', 'OFFICER1');
INSERT INTO OFFENDER_SENTENCE_TERMS (OFFENDER_BOOK_ID, SENTENCE_SEQ, TERM_SEQ, SENTENCE_TERM_CODE, YEARS, MONTHS, START_DATE, END_DATE, LIFE_SENTENCE_FLAG) VALUES (-9, 1, 1, 'IMP', 1, 8, TO_DATE('2007-11-25', 'YYYY-MM-DD'), TO_DATE('2009-07-06', 'YYYY-MM-DD'), 'N');
INSERT INTO OFFENDER_SENT_CALCULATIONS (OFFENDER_SENT_CALCULATION_ID, OFFENDER_BOOK_ID, CALCULATION_DATE, APD_CALCULATED_DATE,  CRD_CALCULATED_DATE, SED_CALCULATED_DATE, CALC_REASON_CODE) VALUES (-9, -9, TO_DATE('2007-11-25', 'YYYY-MM-DD'), TO_DATE('2008-05-23', 'YYYY-MM-DD'),  TO_DATE('2008-11-19', 'YYYY-MM-DD'), TO_DATE('2009-04-28', 'YYYY-MM-DD'), 'NEW');
INSERT INTO OFFENDER_RELEASE_DETAILS (OFFENDER_BOOK_ID, RELEASE_DATE, COMMENT_TEXT, MOVEMENT_TYPE, MOVEMENT_REASON_CODE, EVENT_ID) VALUES (-9, TO_DATE('2013-07-05', 'YYYY-MM-DD'), null, 'REL', 'DD', 1);

INSERT INTO OFFENDER_IEP_LEVELS (OFFENDER_BOOK_ID, IEP_LEVEL_SEQ, IEP_DATE, IEP_TIME, AGY_LOC_ID, IEP_LEVEL, COMMENT_TEXT, USER_ID) VALUES (-10, 1, TO_DATE('2000-04-04', 'YYYY-MM-DD'), TO_DATE('2000-04-04 12:41:12', 'YYYY-MM-DD HH24:MI:SS'), 'AG1', 'BAS', 'Assaulted Another Inmate', 'OFFICER1');
INSERT INTO OFFENDER_SENTENCE_TERMS (OFFENDER_BOOK_ID, SENTENCE_SEQ, TERM_SEQ, SENTENCE_TERM_CODE, YEARS, MONTHS, START_DATE, END_DATE, LIFE_SENTENCE_FLAG) VALUES (-10, 1, 1, 'IMP', 1, 9, TO_DATE('2007-11-30', 'YYYY-MM-DD'), TO_DATE('2009-08-08', 'YYYY-MM-DD'), 'N');
INSERT INTO OFFENDER_SENT_CALCULATIONS (OFFENDER_SENT_CALCULATION_ID, OFFENDER_BOOK_ID, CALCULATION_DATE, APD_CALCULATED_DATE,  CRD_CALCULATED_DATE, SED_CALCULATED_DATE, CALC_REASON_CODE) VALUES (-10, -10, TO_DATE('2007-11-30', 'YYYY-MM-DD'), TO_DATE('2008-05-28', 'YYYY-MM-DD'),  TO_DATE('2008-11-24', 'YYYY-MM-DD'), TO_DATE('2009-05-03', 'YYYY-MM-DD'), 'NEW');
INSERT INTO OFFENDER_RELEASE_DETAILS (OFFENDER_BOOK_ID, RELEASE_DATE, COMMENT_TEXT, MOVEMENT_TYPE, MOVEMENT_REASON_CODE, EVENT_ID) VALUES (-10, TO_DATE('2013-08-07', 'YYYY-MM-DD'), null, 'REL', 'DD', 1);

INSERT INTO OFFENDER_IEP_LEVELS (OFFENDER_BOOK_ID, IEP_LEVEL_SEQ, IEP_DATE, IEP_TIME, AGY_LOC_ID, IEP_LEVEL, COMMENT_TEXT, USER_ID) VALUES (-11, 1, TO_DATE('2000-04-11', 'YYYY-MM-DD'), TO_DATE('2000-04-11 12:41:12', 'YYYY-MM-DD HH24:MI:SS'), 'AG1', 'BAS', 'Assaulted Another Inmate', 'OFFICER1');
INSERT INTO OFFENDER_SENTENCE_TERMS (OFFENDER_BOOK_ID, SENTENCE_SEQ, TERM_SEQ, SENTENCE_TERM_CODE, YEARS, MONTHS, START_DATE, END_DATE, LIFE_SENTENCE_FLAG) VALUES (-11, 1, 1, 'IMP', 1, 10, TO_DATE('2007-12-05', 'YYYY-MM-DD'), TO_DATE('2009-09-10', 'YYYY-MM-DD'), 'N');
INSERT INTO OFFENDER_SENT_CALCULATIONS (OFFENDER_SENT_CALCULATION_ID, OFFENDER_BOOK_ID, CALCULATION_DATE, APD_CALCULATED_DATE,  CRD_CALCULATED_DATE, SED_CALCULATED_DATE, CALC_REASON_CODE) VALUES (-11, -11, TO_DATE('2007-12-05', 'YYYY-MM-DD'), TO_DATE('2008-06-02', 'YYYY-MM-DD'),  TO_DATE('2008-11-29', 'YYYY-MM-DD'), TO_DATE('2009-05-08', 'YYYY-MM-DD'), 'NEW');
INSERT INTO OFFENDER_RELEASE_DETAILS (OFFENDER_BOOK_ID, RELEASE_DATE, COMMENT_TEXT, MOVEMENT_TYPE, MOVEMENT_REASON_CODE, EVENT_ID) VALUES (-11, TO_DATE('2013-09-09', 'YYYY-MM-DD'), null, 'REL', 'DD', 1);

INSERT INTO OFFENDER_IEP_LEVELS (OFFENDER_BOOK_ID, IEP_LEVEL_SEQ, IEP_DATE, IEP_TIME, AGY_LOC_ID, IEP_LEVEL, COMMENT_TEXT, USER_ID) VALUES (-12, 1, TO_DATE('2000-04-18', 'YYYY-MM-DD'), TO_DATE('2000-04-18 12:41:12', 'YYYY-MM-DD HH24:MI:SS'), 'AG1', 'BAS', 'Assaulted Another Inmate', 'OFFICER1');
INSERT INTO OFFENDER_SENTENCE_TERMS (OFFENDER_BOOK_ID, SENTENCE_SEQ, TERM_SEQ, SENTENCE_TERM_CODE, YEARS, MONTHS, START_DATE, END_DATE, LIFE_SENTENCE_FLAG) VALUES (-12, 1, 1, 'IMP', 1, 11, TO_DATE('2007-12-10', 'YYYY-MM-DD'), TO_DATE('2009-10-13', 'YYYY-MM-DD'), 'N');
INSERT INTO OFFENDER_SENT_CALCULATIONS (OFFENDER_SENT_CALCULATION_ID, OFFENDER_BOOK_ID, CALCULATION_DATE, APD_CALCULATED_DATE,  CRD_CALCULATED_DATE, SED_CALCULATED_DATE, CALC_REASON_CODE) VALUES (-12, -12, TO_DATE('2007-12-10', 'YYYY-MM-DD'), TO_DATE('2008-06-07', 'YYYY-MM-DD'),  TO_DATE('2008-12-04', 'YYYY-MM-DD'), TO_DATE('2009-05-13', 'YYYY-MM-DD'), 'NEW');
INSERT INTO OFFENDER_RELEASE_DETAILS (OFFENDER_BOOK_ID, RELEASE_DATE, COMMENT_TEXT, MOVEMENT_TYPE, MOVEMENT_REASON_CODE, EVENT_ID) VALUES (-12, TO_DATE('2013-10-12', 'YYYY-MM-DD'), null, 'REL', 'DD', 1);

INSERT INTO OFFENDER_IEP_LEVELS (OFFENDER_BOOK_ID, IEP_LEVEL_SEQ, IEP_DATE, IEP_TIME, AGY_LOC_ID, IEP_LEVEL, COMMENT_TEXT, USER_ID) VALUES (-13, 1, TO_DATE('2000-04-25', 'YYYY-MM-DD'), TO_DATE('2000-04-25 12:41:12', 'YYYY-MM-DD HH24:MI:SS'), 'AG1', 'BAS', 'Assaulted Another Inmate', 'OFFICER1');
INSERT INTO OFFENDER_SENTENCE_TERMS (OFFENDER_BOOK_ID, SENTENCE_SEQ, TERM_SEQ, SENTENCE_TERM_CODE, YEARS, MONTHS, START_DATE, END_DATE, LIFE_SENTENCE_FLAG) VALUES (-13, 1, 1, 'IMP', 2, 0, TO_DATE('2007-12-15', 'YYYY-MM-DD'), TO_DATE('2009-12-14', 'YYYY-MM-DD'), 'N');
INSERT INTO OFFENDER_SENT_CALCULATIONS (OFFENDER_SENT_CALCULATION_ID, OFFENDER_BOOK_ID, CALCULATION_DATE, APD_CALCULATED_DATE,  CRD_CALCULATED_DATE, SED_CALCULATED_DATE, CALC_REASON_CODE) VALUES (-13, -13, TO_DATE('2007-12-15', 'YYYY-MM-DD'), TO_DATE('2008-06-12', 'YYYY-MM-DD'),  TO_DATE('2008-12-09', 'YYYY-MM-DD'), TO_DATE('2009-05-18', 'YYYY-MM-DD'), 'NEW');
INSERT INTO OFFENDER_RELEASE_DETAILS (OFFENDER_BOOK_ID, RELEASE_DATE, COMMENT_TEXT, MOVEMENT_TYPE, MOVEMENT_REASON_CODE, EVENT_ID) VALUES (-13, TO_DATE('2013-12-13', 'YYYY-MM-DD'), null, 'REL', 'DD', 1);

INSERT INTO OFFENDER_IEP_LEVELS (OFFENDER_BOOK_ID, IEP_LEVEL_SEQ, IEP_DATE, IEP_TIME, AGY_LOC_ID, IEP_LEVEL, COMMENT_TEXT, USER_ID) VALUES (-14, 1, TO_DATE('2000-05-02', 'YYYY-MM-DD'), TO_DATE('2000-05-02 12:41:12', 'YYYY-MM-DD HH24:MI:SS'), 'AG1', 'BAS', 'Assaulted Another Inmate', 'OFFICER1');
INSERT INTO OFFENDER_SENTENCE_TERMS (OFFENDER_BOOK_ID, SENTENCE_SEQ, TERM_SEQ, SENTENCE_TERM_CODE, YEARS, MONTHS, START_DATE, END_DATE, LIFE_SENTENCE_FLAG) VALUES (-14, 1, 1, 'IMP', 2, 1, TO_DATE('2007-12-20', 'YYYY-MM-DD'), TO_DATE('2010-01-16', 'YYYY-MM-DD'), 'N');
INSERT INTO OFFENDER_SENT_CALCULATIONS (OFFENDER_SENT_CALCULATION_ID, OFFENDER_BOOK_ID, CALCULATION_DATE, APD_CALCULATED_DATE,  CRD_CALCULATED_DATE, SED_CALCULATED_DATE, CALC_REASON_CODE) VALUES (-14, -14, TO_DATE('2007-12-20', 'YYYY-MM-DD'), TO_DATE('2008-06-17', 'YYYY-MM-DD'),  TO_DATE('2008-12-14', 'YYYY-MM-DD'), TO_DATE('2009-05-23', 'YYYY-MM-DD'), 'NEW');
INSERT INTO OFFENDER_RELEASE_DETAILS (OFFENDER_BOOK_ID, RELEASE_DATE, COMMENT_TEXT, MOVEMENT_TYPE, MOVEMENT_REASON_CODE, EVENT_ID) VALUES (-14, TO_DATE('2014-01-15', 'YYYY-MM-DD'), null, 'REL', 'DD', 1);

INSERT INTO OFFENDER_IEP_LEVELS (OFFENDER_BOOK_ID, IEP_LEVEL_SEQ, IEP_DATE, IEP_TIME, AGY_LOC_ID, IEP_LEVEL, COMMENT_TEXT, USER_ID) VALUES (-15, 1, TO_DATE('2000-05-09', 'YYYY-MM-DD'), TO_DATE('2000-05-09 12:41:12', 'YYYY-MM-DD HH24:MI:SS'), 'AG1', 'BAS', 'Assaulted Another Inmate', 'OFFICER1');
INSERT INTO OFFENDER_SENTENCE_TERMS (OFFENDER_BOOK_ID, SENTENCE_SEQ, TERM_SEQ, SENTENCE_TERM_CODE, YEARS, MONTHS, START_DATE, END_DATE, LIFE_SENTENCE_FLAG) VALUES (-15, 1, 1, 'IMP', 2, 2, TO_DATE('2007-12-25', 'YYYY-MM-DD'), TO_DATE('2010-02-18', 'YYYY-MM-DD'), 'N');
INSERT INTO OFFENDER_SENT_CALCULATIONS (OFFENDER_SENT_CALCULATION_ID, OFFENDER_BOOK_ID, CALCULATION_DATE, APD_CALCULATED_DATE,  CRD_CALCULATED_DATE, SED_CALCULATED_DATE, CALC_REASON_CODE) VALUES (-15, -15, TO_DATE('2007-12-25', 'YYYY-MM-DD'), TO_DATE('2008-06-22', 'YYYY-MM-DD'),  TO_DATE('2008-12-19', 'YYYY-MM-DD'), TO_DATE('2009-05-28', 'YYYY-MM-DD'), 'NEW');
INSERT INTO OFFENDER_RELEASE_DETAILS (OFFENDER_BOOK_ID, RELEASE_DATE, COMMENT_TEXT, MOVEMENT_TYPE, MOVEMENT_REASON_CODE, EVENT_ID) VALUES (-15, TO_DATE('2014-02-17', 'YYYY-MM-DD'), null, 'REL', 'DD', 1);

INSERT INTO OFFENDER_IEP_LEVELS (OFFENDER_BOOK_ID, IEP_LEVEL_SEQ, IEP_DATE, IEP_TIME, AGY_LOC_ID, IEP_LEVEL, COMMENT_TEXT, USER_ID) VALUES (-16, 1, TO_DATE('2000-05-16', 'YYYY-MM-DD'), TO_DATE('2000-05-16 12:41:12', 'YYYY-MM-DD HH24:MI:SS'), 'AG1', 'BAS', 'Assaulted Another Inmate', 'OFFICER1');
INSERT INTO OFFENDER_SENTENCE_TERMS (OFFENDER_BOOK_ID, SENTENCE_SEQ, TERM_SEQ, SENTENCE_TERM_CODE, YEARS, MONTHS, START_DATE, END_DATE, LIFE_SENTENCE_FLAG) VALUES (-16, 1, 1, 'IMP', 2, 3, TO_DATE('2007-12-30', 'YYYY-MM-DD'), TO_DATE('2010-03-23', 'YYYY-MM-DD'), 'N');
INSERT INTO OFFENDER_SENT_CALCULATIONS (OFFENDER_SENT_CALCULATION_ID, OFFENDER_BOOK_ID, CALCULATION_DATE, APD_CALCULATED_DATE,  CRD_CALCULATED_DATE, SED_CALCULATED_DATE, CALC_REASON_CODE) VALUES (-16, -16, TO_DATE('2007-12-30', 'YYYY-MM-DD'), TO_DATE('2008-06-27', 'YYYY-MM-DD'),  TO_DATE('2008-12-24', 'YYYY-MM-DD'), TO_DATE('2009-06-02', 'YYYY-MM-DD'), 'NEW');
INSERT INTO OFFENDER_RELEASE_DETAILS (OFFENDER_BOOK_ID, RELEASE_DATE, COMMENT_TEXT, MOVEMENT_TYPE, MOVEMENT_REASON_CODE, EVENT_ID) VALUES (-16, TO_DATE('2014-03-22', 'YYYY-MM-DD'), null, 'REL', 'DD', 1);

INSERT INTO OFFENDER_IEP_LEVELS (OFFENDER_BOOK_ID, IEP_LEVEL_SEQ, IEP_DATE, IEP_TIME, AGY_LOC_ID, IEP_LEVEL, COMMENT_TEXT, USER_ID) VALUES (-17, 1, TO_DATE('2000-05-23', 'YYYY-MM-DD'), TO_DATE('2000-05-23 12:41:12', 'YYYY-MM-DD HH24:MI:SS'), 'AG1', 'BAS', 'Assaulted Another Inmate', 'OFFICER1');
INSERT INTO OFFENDER_SENTENCE_TERMS (OFFENDER_BOOK_ID, SENTENCE_SEQ, TERM_SEQ, SENTENCE_TERM_CODE, YEARS, MONTHS, START_DATE, END_DATE, LIFE_SENTENCE_FLAG) VALUES (-17, 1, 1, 'IMP', 2, 4, TO_DATE('2008-01-04', 'YYYY-MM-DD'), TO_DATE('2010-04-25', 'YYYY-MM-DD'), 'N');
INSERT INTO OFFENDER_SENT_CALCULATIONS (OFFENDER_SENT_CALCULATION_ID, OFFENDER_BOOK_ID, CALCULATION_DATE, APD_CALCULATED_DATE,  CRD_CALCULATED_DATE, SED_CALCULATED_DATE, CALC_REASON_CODE) VALUES (-17, -17, TO_DATE('2008-01-04', 'YYYY-MM-DD'), TO_DATE('2008-07-02', 'YYYY-MM-DD'),  TO_DATE('2008-12-29', 'YYYY-MM-DD'), TO_DATE('2009-06-07', 'YYYY-MM-DD'), 'NEW');
INSERT INTO OFFENDER_RELEASE_DETAILS (OFFENDER_BOOK_ID, RELEASE_DATE, COMMENT_TEXT, MOVEMENT_TYPE, MOVEMENT_REASON_CODE, EVENT_ID) VALUES (-17, TO_DATE('2014-04-24', 'YYYY-MM-DD'), null, 'REL', 'DD', 1);

INSERT INTO OFFENDER_IEP_LEVELS (OFFENDER_BOOK_ID, IEP_LEVEL_SEQ, IEP_DATE, IEP_TIME, AGY_LOC_ID, IEP_LEVEL, COMMENT_TEXT, USER_ID) VALUES (-18, 1, TO_DATE('2000-05-30', 'YYYY-MM-DD'), TO_DATE('2000-05-30 12:41:12', 'YYYY-MM-DD HH24:MI:SS'), 'AG1', 'BAS', 'Assaulted Another Inmate', 'OFFICER1');
INSERT INTO OFFENDER_SENTENCE_TERMS (OFFENDER_BOOK_ID, SENTENCE_SEQ, TERM_SEQ, SENTENCE_TERM_CODE, YEARS, MONTHS, START_DATE, END_DATE, LIFE_SENTENCE_FLAG) VALUES (-18, 1, 1, 'IMP', 2, 5, TO_DATE('2008-01-09', 'YYYY-MM-DD'), TO_DATE('2010-05-28', 'YYYY-MM-DD'), 'N');
INSERT INTO OFFENDER_SENT_CALCULATIONS (OFFENDER_SENT_CALCULATION_ID, OFFENDER_BOOK_ID, CALCULATION_DATE, APD_CALCULATED_DATE,  CRD_CALCULATED_DATE, SED_CALCULATED_DATE, CALC_REASON_CODE) VALUES (-18, -18, TO_DATE('2008-01-09', 'YYYY-MM-DD'), TO_DATE('2008-07-07', 'YYYY-MM-DD'),  TO_DATE('2009-01-03', 'YYYY-MM-DD'), TO_DATE('2009-06-12', 'YYYY-MM-DD'), 'NEW');
INSERT INTO OFFENDER_RELEASE_DETAILS (OFFENDER_BOOK_ID, RELEASE_DATE, COMMENT_TEXT, MOVEMENT_TYPE, MOVEMENT_REASON_CODE, EVENT_ID) VALUES (-18, TO_DATE('2014-05-27', 'YYYY-MM-DD'), null, 'REL', 'DD', 1);

INSERT INTO OFFENDER_IEP_LEVELS (OFFENDER_BOOK_ID, IEP_LEVEL_SEQ, IEP_DATE, IEP_TIME, AGY_LOC_ID, IEP_LEVEL, COMMENT_TEXT, USER_ID) VALUES (-19, 1, TO_DATE('2000-06-06', 'YYYY-MM-DD'), TO_DATE('2000-06-06 12:41:12', 'YYYY-MM-DD HH24:MI:SS'), 'AG1', 'BAS', 'Assaulted Another Inmate', 'OFFICER1');
INSERT INTO OFFENDER_SENTENCE_TERMS (OFFENDER_BOOK_ID, SENTENCE_SEQ, TERM_SEQ, SENTENCE_TERM_CODE, YEARS, MONTHS, START_DATE, END_DATE, LIFE_SENTENCE_FLAG) VALUES (-19, 1, 1, 'IMP', 2, 6, TO_DATE('2008-01-14', 'YYYY-MM-DD'), TO_DATE('2010-06-30', 'YYYY-MM-DD'), 'N');
INSERT INTO OFFENDER_SENT_CALCULATIONS (OFFENDER_SENT_CALCULATION_ID, OFFENDER_BOOK_ID, CALCULATION_DATE, APD_CALCULATED_DATE,  CRD_CALCULATED_DATE, SED_CALCULATED_DATE, CALC_REASON_CODE) VALUES (-19, -19, TO_DATE('2008-01-14', 'YYYY-MM-DD'), TO_DATE('2008-07-12', 'YYYY-MM-DD'),  TO_DATE('2009-01-08', 'YYYY-MM-DD'), TO_DATE('2009-06-17', 'YYYY-MM-DD'), 'NEW');
INSERT INTO OFFENDER_RELEASE_DETAILS (OFFENDER_BOOK_ID, RELEASE_DATE, COMMENT_TEXT, MOVEMENT_TYPE, MOVEMENT_REASON_CODE, EVENT_ID) VALUES (-19, TO_DATE('2014-06-29', 'YYYY-MM-DD'), null, 'REL', 'DD', 1);

INSERT INTO OFFENDER_IEP_LEVELS (OFFENDER_BOOK_ID, IEP_LEVEL_SEQ, IEP_DATE, IEP_TIME, AGY_LOC_ID, IEP_LEVEL, COMMENT_TEXT, USER_ID) VALUES (-20, 1, TO_DATE('2000-06-13', 'YYYY-MM-DD'), TO_DATE('2000-06-13 12:41:12', 'YYYY-MM-DD HH24:MI:SS'), 'AG1', 'BAS', 'Assaulted Another Inmate', 'OFFICER1');
INSERT INTO OFFENDER_SENTENCE_TERMS (OFFENDER_BOOK_ID, SENTENCE_SEQ, TERM_SEQ, SENTENCE_TERM_CODE, YEARS, MONTHS, START_DATE, END_DATE, LIFE_SENTENCE_FLAG) VALUES (-20, 1, 1, 'IMP', 2, 7, TO_DATE('2008-01-19', 'YYYY-MM-DD'), TO_DATE('2010-08-02', 'YYYY-MM-DD'), 'N');
INSERT INTO OFFENDER_SENT_CALCULATIONS (OFFENDER_SENT_CALCULATION_ID, OFFENDER_BOOK_ID, CALCULATION_DATE, APD_CALCULATED_DATE,  CRD_CALCULATED_DATE, SED_CALCULATED_DATE, CALC_REASON_CODE) VALUES (-20, -20, TO_DATE('2008-01-19', 'YYYY-MM-DD'), TO_DATE('2008-07-17', 'YYYY-MM-DD'),  TO_DATE('2009-01-13', 'YYYY-MM-DD'), TO_DATE('2009-06-22', 'YYYY-MM-DD'), 'NEW');
INSERT INTO OFFENDER_RELEASE_DETAILS (OFFENDER_BOOK_ID, RELEASE_DATE, COMMENT_TEXT, MOVEMENT_TYPE, MOVEMENT_REASON_CODE, EVENT_ID) VALUES (-20, TO_DATE('2014-08-01', 'YYYY-MM-DD'), null, 'REL', 'DD', 1);

INSERT INTO OFFENDER_IEP_LEVELS (OFFENDER_BOOK_ID, IEP_LEVEL_SEQ, IEP_DATE, IEP_TIME, AGY_LOC_ID, IEP_LEVEL, COMMENT_TEXT, USER_ID) VALUES (-21, 1, TO_DATE('2000-06-20', 'YYYY-MM-DD'), TO_DATE('2000-06-20 12:41:12', 'YYYY-MM-DD HH24:MI:SS'), 'AG1', 'BAS', 'Assaulted Another Inmate', 'OFFICER1');
INSERT INTO OFFENDER_SENTENCE_TERMS (OFFENDER_BOOK_ID, SENTENCE_SEQ, TERM_SEQ, SENTENCE_TERM_CODE, YEARS, MONTHS, START_DATE, END_DATE, LIFE_SENTENCE_FLAG) VALUES (-21, 1, 1, 'IMP', 2, 8, TO_DATE('2008-01-24', 'YYYY-MM-DD'), TO_DATE('2010-09-04', 'YYYY-MM-DD'), 'N');
INSERT INTO OFFENDER_SENT_CALCULATIONS (OFFENDER_SENT_CALCULATION_ID, OFFENDER_BOOK_ID, CALCULATION_DATE, APD_CALCULATED_DATE,  CRD_CALCULATED_DATE, SED_CALCULATED_DATE, CALC_REASON_CODE) VALUES (-21, -21, TO_DATE('2008-01-24', 'YYYY-MM-DD'), TO_DATE('2008-07-22', 'YYYY-MM-DD'),  TO_DATE('2009-01-18', 'YYYY-MM-DD'), TO_DATE('2009-06-27', 'YYYY-MM-DD'), 'NEW');
INSERT INTO OFFENDER_RELEASE_DETAILS (OFFENDER_BOOK_ID, RELEASE_DATE, COMMENT_TEXT, MOVEMENT_TYPE, MOVEMENT_REASON_CODE, EVENT_ID) VALUES (-21, TO_DATE('2014-09-03', 'YYYY-MM-DD'), null, 'REL', 'DD', 1);

INSERT INTO OFFENDER_IEP_LEVELS (OFFENDER_BOOK_ID, IEP_LEVEL_SEQ, IEP_DATE, IEP_TIME, AGY_LOC_ID, IEP_LEVEL, COMMENT_TEXT, USER_ID) VALUES (-22, 1, TO_DATE('2000-06-27', 'YYYY-MM-DD'), TO_DATE('2000-06-27 12:41:12', 'YYYY-MM-DD HH24:MI:SS'), 'AG1', 'BAS', 'Assaulted Another Inmate', 'OFFICER1');
INSERT INTO OFFENDER_SENTENCE_TERMS (OFFENDER_BOOK_ID, SENTENCE_SEQ, TERM_SEQ, SENTENCE_TERM_CODE, YEARS, MONTHS, START_DATE, END_DATE, LIFE_SENTENCE_FLAG) VALUES (-22, 1, 1, 'IMP', 2, 9, TO_DATE('2008-01-29', 'YYYY-MM-DD'), TO_DATE('2010-10-07', 'YYYY-MM-DD'), 'N');
INSERT INTO OFFENDER_SENT_CALCULATIONS (OFFENDER_SENT_CALCULATION_ID, OFFENDER_BOOK_ID, CALCULATION_DATE, APD_CALCULATED_DATE,  CRD_CALCULATED_DATE, SED_CALCULATED_DATE, CALC_REASON_CODE) VALUES (-22, -22, TO_DATE('2008-01-29', 'YYYY-MM-DD'), TO_DATE('2008-07-27', 'YYYY-MM-DD'),  TO_DATE('2009-01-23', 'YYYY-MM-DD'), TO_DATE('2009-07-02', 'YYYY-MM-DD'), 'NEW');
INSERT INTO OFFENDER_RELEASE_DETAILS (OFFENDER_BOOK_ID, RELEASE_DATE, COMMENT_TEXT, MOVEMENT_TYPE, MOVEMENT_REASON_CODE, EVENT_ID) VALUES (-22, TO_DATE('2014-10-06', 'YYYY-MM-DD'), null, 'REL', 'DD', 1);

INSERT INTO OFFENDER_IEP_LEVELS (OFFENDER_BOOK_ID, IEP_LEVEL_SEQ, IEP_DATE, IEP_TIME, AGY_LOC_ID, IEP_LEVEL, COMMENT_TEXT, USER_ID) VALUES (-23, 1, TO_DATE('2000-07-04', 'YYYY-MM-DD'), TO_DATE('2000-07-04 12:41:12', 'YYYY-MM-DD HH24:MI:SS'), 'AG1', 'BAS', 'Assaulted Another Inmate', 'OFFICER1');
INSERT INTO OFFENDER_SENTENCE_TERMS (OFFENDER_BOOK_ID, SENTENCE_SEQ, TERM_SEQ, SENTENCE_TERM_CODE, YEARS, MONTHS, START_DATE, END_DATE, LIFE_SENTENCE_FLAG) VALUES (-23, 1, 1, 'IMP', 2, 10, TO_DATE('2008-02-03', 'YYYY-MM-DD'), TO_DATE('2010-11-09', 'YYYY-MM-DD'), 'N');
INSERT INTO OFFENDER_SENT_CALCULATIONS (OFFENDER_SENT_CALCULATION_ID, OFFENDER_BOOK_ID, CALCULATION_DATE, APD_CALCULATED_DATE,  CRD_CALCULATED_DATE, SED_CALCULATED_DATE, CALC_REASON_CODE) VALUES (-23, -23, TO_DATE('2008-02-03', 'YYYY-MM-DD'), TO_DATE('2008-08-01', 'YYYY-MM-DD'),  TO_DATE('2009-01-28', 'YYYY-MM-DD'), TO_DATE('2009-07-07', 'YYYY-MM-DD'), 'NEW');
INSERT INTO OFFENDER_RELEASE_DETAILS (OFFENDER_BOOK_ID, RELEASE_DATE, COMMENT_TEXT, MOVEMENT_TYPE, MOVEMENT_REASON_CODE, EVENT_ID) VALUES (-23, TO_DATE('2014-11-08', 'YYYY-MM-DD'), null, 'REL', 'DD', 1);

INSERT INTO OFFENDER_IEP_LEVELS (OFFENDER_BOOK_ID, IEP_LEVEL_SEQ, IEP_DATE, IEP_TIME, AGY_LOC_ID, IEP_LEVEL, COMMENT_TEXT, USER_ID) VALUES (-24, 1, TO_DATE('2000-07-11', 'YYYY-MM-DD'), TO_DATE('2000-07-11 12:41:12', 'YYYY-MM-DD HH24:MI:SS'), 'AG1', 'BAS', 'Assaulted Another Inmate', 'OFFICER1');
INSERT INTO OFFENDER_SENTENCE_TERMS (OFFENDER_BOOK_ID, SENTENCE_SEQ, TERM_SEQ, SENTENCE_TERM_CODE, YEARS, MONTHS, START_DATE, END_DATE, LIFE_SENTENCE_FLAG) VALUES (-24, 1, 1, 'IMP', 2, 11, TO_DATE('2008-02-08', 'YYYY-MM-DD'), TO_DATE('2010-12-12', 'YYYY-MM-DD'), 'N');
INSERT INTO OFFENDER_SENT_CALCULATIONS (OFFENDER_SENT_CALCULATION_ID, OFFENDER_BOOK_ID, CALCULATION_DATE, APD_CALCULATED_DATE,  CRD_CALCULATED_DATE, SED_CALCULATED_DATE, CALC_REASON_CODE) VALUES (-24, -24, TO_DATE('2008-02-08', 'YYYY-MM-DD'), TO_DATE('2008-08-06', 'YYYY-MM-DD'),  TO_DATE('2009-02-02', 'YYYY-MM-DD'), TO_DATE('2009-07-12', 'YYYY-MM-DD'), 'NEW');
INSERT INTO OFFENDER_RELEASE_DETAILS (OFFENDER_BOOK_ID, RELEASE_DATE, COMMENT_TEXT, MOVEMENT_TYPE, MOVEMENT_REASON_CODE, EVENT_ID) VALUES (-24, TO_DATE('2014-12-11', 'YYYY-MM-DD'), null, 'REL', 'DD', 1);

INSERT INTO OFFENDER_IEP_LEVELS (OFFENDER_BOOK_ID, IEP_LEVEL_SEQ, IEP_DATE, IEP_TIME, AGY_LOC_ID, IEP_LEVEL, COMMENT_TEXT, USER_ID) VALUES (-25, 1, TO_DATE('2000-07-18', 'YYYY-MM-DD'), TO_DATE('2000-07-18 12:41:12', 'YYYY-MM-DD HH24:MI:SS'), 'AG1', 'BAS', 'Assaulted Another Inmate', 'OFFICER1');
INSERT INTO OFFENDER_SENTENCE_TERMS (OFFENDER_BOOK_ID, SENTENCE_SEQ, TERM_SEQ, SENTENCE_TERM_CODE, YEARS, MONTHS, START_DATE, END_DATE, LIFE_SENTENCE_FLAG) VALUES (-25, 1, 1, 'IMP', 3, 0, TO_DATE('2008-02-13', 'YYYY-MM-DD'), TO_DATE('2011-02-12', 'YYYY-MM-DD'), 'N');
INSERT INTO OFFENDER_SENT_CALCULATIONS (OFFENDER_SENT_CALCULATION_ID, OFFENDER_BOOK_ID, CALCULATION_DATE, APD_CALCULATED_DATE,  CRD_CALCULATED_DATE, SED_CALCULATED_DATE, CALC_REASON_CODE) VALUES (-25, -25, TO_DATE('2008-02-13', 'YYYY-MM-DD'), TO_DATE('2008-08-11', 'YYYY-MM-DD'),  TO_DATE('2009-02-07', 'YYYY-MM-DD'), TO_DATE('2009-07-17', 'YYYY-MM-DD'), 'NEW');
INSERT INTO OFFENDER_RELEASE_DETAILS (OFFENDER_BOOK_ID, RELEASE_DATE, COMMENT_TEXT, MOVEMENT_TYPE, MOVEMENT_REASON_CODE, EVENT_ID) VALUES (-25, TO_DATE('2015-02-11', 'YYYY-MM-DD'), null, 'REL', 'DD', 1);

INSERT INTO OFFENDER_IEP_LEVELS (OFFENDER_BOOK_ID, IEP_LEVEL_SEQ, IEP_DATE, IEP_TIME, AGY_LOC_ID, IEP_LEVEL, COMMENT_TEXT, USER_ID) VALUES (-26, 1, TO_DATE('2000-07-25', 'YYYY-MM-DD'), TO_DATE('2000-07-25 12:41:12', 'YYYY-MM-DD HH24:MI:SS'), 'AG1', 'BAS', 'Assaulted Another Inmate', 'OFFICER1');
INSERT INTO OFFENDER_SENTENCE_TERMS (OFFENDER_BOOK_ID, SENTENCE_SEQ, TERM_SEQ, SENTENCE_TERM_CODE, YEARS, MONTHS, START_DATE, END_DATE, LIFE_SENTENCE_FLAG) VALUES (-26, 1, 1, 'IMP', 3, 1, TO_DATE('2008-02-18', 'YYYY-MM-DD'), TO_DATE('2011-03-17', 'YYYY-MM-DD'), 'N');
INSERT INTO OFFENDER_SENT_CALCULATIONS (OFFENDER_SENT_CALCULATION_ID, OFFENDER_BOOK_ID, CALCULATION_DATE, APD_CALCULATED_DATE,  CRD_CALCULATED_DATE, SED_CALCULATED_DATE, CALC_REASON_CODE) VALUES (-26, -26, TO_DATE('2008-02-18', 'YYYY-MM-DD'), TO_DATE('2008-08-16', 'YYYY-MM-DD'),  TO_DATE('2009-02-12', 'YYYY-MM-DD'), TO_DATE('2009-07-22', 'YYYY-MM-DD'), 'NEW');
INSERT INTO OFFENDER_RELEASE_DETAILS (OFFENDER_BOOK_ID, RELEASE_DATE, COMMENT_TEXT, MOVEMENT_TYPE, MOVEMENT_REASON_CODE, EVENT_ID) VALUES (-26, TO_DATE('2015-03-16', 'YYYY-MM-DD'), null, 'REL', 'DD', 1);

INSERT INTO OFFENDER_IEP_LEVELS (OFFENDER_BOOK_ID, IEP_LEVEL_SEQ, IEP_DATE, IEP_TIME, AGY_LOC_ID, IEP_LEVEL, COMMENT_TEXT, USER_ID) VALUES (-27, 1, TO_DATE('2000-08-01', 'YYYY-MM-DD'), TO_DATE('2000-08-01 12:41:12', 'YYYY-MM-DD HH24:MI:SS'), 'AG1', 'BAS', 'Assaulted Another Inmate', 'OFFICER1');
INSERT INTO OFFENDER_SENTENCE_TERMS (OFFENDER_BOOK_ID, SENTENCE_SEQ, TERM_SEQ, SENTENCE_TERM_CODE, YEARS, MONTHS, START_DATE, END_DATE, LIFE_SENTENCE_FLAG) VALUES (-27, 1, 1, 'IMP', 3, 2, TO_DATE('2008-02-23', 'YYYY-MM-DD'), TO_DATE('2011-04-19', 'YYYY-MM-DD'), 'N');
INSERT INTO OFFENDER_SENT_CALCULATIONS (OFFENDER_SENT_CALCULATION_ID, OFFENDER_BOOK_ID, CALCULATION_DATE, APD_CALCULATED_DATE,  CRD_CALCULATED_DATE, SED_CALCULATED_DATE, CALC_REASON_CODE) VALUES (-27, -27, TO_DATE('2008-02-23', 'YYYY-MM-DD'), TO_DATE('2008-08-21', 'YYYY-MM-DD'),  TO_DATE('2009-02-17', 'YYYY-MM-DD'), TO_DATE('2009-07-27', 'YYYY-MM-DD'), 'NEW');
INSERT INTO OFFENDER_RELEASE_DETAILS (OFFENDER_BOOK_ID, RELEASE_DATE, COMMENT_TEXT, MOVEMENT_TYPE, MOVEMENT_REASON_CODE, EVENT_ID) VALUES (-27, TO_DATE('2015-04-18', 'YYYY-MM-DD'), null, 'REL', 'DD', 1);

INSERT INTO OFFENDER_IEP_LEVELS (OFFENDER_BOOK_ID, IEP_LEVEL_SEQ, IEP_DATE, IEP_TIME, AGY_LOC_ID, IEP_LEVEL, COMMENT_TEXT, USER_ID) VALUES (-28, 1, TO_DATE('2000-08-08', 'YYYY-MM-DD'), TO_DATE('2000-08-08 12:41:12', 'YYYY-MM-DD HH24:MI:SS'), 'AG1', 'BAS', 'Assaulted Another Inmate', 'OFFICER1');
INSERT INTO OFFENDER_SENTENCE_TERMS (OFFENDER_BOOK_ID, SENTENCE_SEQ, TERM_SEQ, SENTENCE_TERM_CODE, YEARS, MONTHS, START_DATE, END_DATE, LIFE_SENTENCE_FLAG) VALUES (-28, 1, 1, 'IMP', 3, 3, TO_DATE('2008-02-28', 'YYYY-MM-DD'), TO_DATE('2011-05-22', 'YYYY-MM-DD'), 'N');
INSERT INTO OFFENDER_SENT_CALCULATIONS (OFFENDER_SENT_CALCULATION_ID, OFFENDER_BOOK_ID, CALCULATION_DATE, APD_CALCULATED_DATE,  CRD_CALCULATED_DATE, SED_CALCULATED_DATE, CALC_REASON_CODE) VALUES (-28, -28, TO_DATE('2008-02-28', 'YYYY-MM-DD'), TO_DATE('2008-08-26', 'YYYY-MM-DD'),  TO_DATE('2009-02-22', 'YYYY-MM-DD'), TO_DATE('2009-08-01', 'YYYY-MM-DD'), 'NEW');
INSERT INTO OFFENDER_RELEASE_DETAILS (OFFENDER_BOOK_ID, RELEASE_DATE, COMMENT_TEXT, MOVEMENT_TYPE, MOVEMENT_REASON_CODE, EVENT_ID) VALUES (-28, TO_DATE('2015-05-21', 'YYYY-MM-DD'), null, 'REL', 'DD', 1);

INSERT INTO OFFENDER_IEP_LEVELS (OFFENDER_BOOK_ID, IEP_LEVEL_SEQ, IEP_DATE, IEP_TIME, AGY_LOC_ID, IEP_LEVEL, COMMENT_TEXT, USER_ID) VALUES (-29, 1, TO_DATE('2000-08-15', 'YYYY-MM-DD'), TO_DATE('2000-08-15 12:41:12', 'YYYY-MM-DD HH24:MI:SS'), 'AG1', 'BAS', 'Assaulted Another Inmate', 'OFFICER1');
INSERT INTO OFFENDER_SENTENCE_TERMS (OFFENDER_BOOK_ID, SENTENCE_SEQ, TERM_SEQ, SENTENCE_TERM_CODE, YEARS, MONTHS, START_DATE, END_DATE, LIFE_SENTENCE_FLAG) VALUES (-29, 1, 1, 'IMP', 3, 4, TO_DATE('2008-03-04', 'YYYY-MM-DD'), TO_DATE('2011-06-24', 'YYYY-MM-DD'), 'N');
INSERT INTO OFFENDER_SENT_CALCULATIONS (OFFENDER_SENT_CALCULATION_ID, OFFENDER_BOOK_ID, CALCULATION_DATE, APD_CALCULATED_DATE,  CRD_CALCULATED_DATE, SED_CALCULATED_DATE, CALC_REASON_CODE) VALUES (-29, -29, TO_DATE('2008-03-04', 'YYYY-MM-DD'), TO_DATE('2008-08-31', 'YYYY-MM-DD'),  TO_DATE('2009-02-27', 'YYYY-MM-DD'), TO_DATE('2009-08-06', 'YYYY-MM-DD'), 'NEW');
INSERT INTO OFFENDER_RELEASE_DETAILS (OFFENDER_BOOK_ID, RELEASE_DATE, COMMENT_TEXT, MOVEMENT_TYPE, MOVEMENT_REASON_CODE, EVENT_ID) VALUES (-29, TO_DATE('2015-06-23', 'YYYY-MM-DD'), null, 'REL', 'DD', 1);

INSERT INTO OFFENDER_IEP_LEVELS (OFFENDER_BOOK_ID, IEP_LEVEL_SEQ, IEP_DATE, IEP_TIME, AGY_LOC_ID, IEP_LEVEL, COMMENT_TEXT, USER_ID) VALUES (-30, 1, TO_DATE('2000-08-22', 'YYYY-MM-DD'), TO_DATE('2000-08-22 12:41:12', 'YYYY-MM-DD HH24:MI:SS'), 'AG1', 'BAS', 'Assaulted Another Inmate', 'OFFICER1');
INSERT INTO OFFENDER_SENTENCE_TERMS (OFFENDER_BOOK_ID, SENTENCE_SEQ, TERM_SEQ, SENTENCE_TERM_CODE, YEARS, MONTHS, START_DATE, END_DATE, LIFE_SENTENCE_FLAG) VALUES (-30, 1, 1, 'IMP', 3, 5, TO_DATE('2008-03-09', 'YYYY-MM-DD'), TO_DATE('2011-07-27', 'YYYY-MM-DD'), 'N');
INSERT INTO OFFENDER_SENT_CALCULATIONS (OFFENDER_SENT_CALCULATION_ID, OFFENDER_BOOK_ID, CALCULATION_DATE, APD_CALCULATED_DATE,  CRD_CALCULATED_DATE, SED_CALCULATED_DATE, CALC_REASON_CODE) VALUES (-30, -30, TO_DATE('2008-03-09', 'YYYY-MM-DD'), TO_DATE('2008-09-05', 'YYYY-MM-DD'),  TO_DATE('2009-03-04', 'YYYY-MM-DD'), TO_DATE('2009-08-11', 'YYYY-MM-DD'), 'NEW');
INSERT INTO OFFENDER_RELEASE_DETAILS (OFFENDER_BOOK_ID, RELEASE_DATE, COMMENT_TEXT, MOVEMENT_TYPE, MOVEMENT_REASON_CODE, EVENT_ID) VALUES (-30, TO_DATE('2015-07-26', 'YYYY-MM-DD'), null, 'REL', 'DD', 1);

INSERT INTO OFFENDER_IEP_LEVELS (OFFENDER_BOOK_ID, IEP_LEVEL_SEQ, IEP_DATE, IEP_TIME, AGY_LOC_ID, IEP_LEVEL, COMMENT_TEXT, USER_ID) VALUES (-31, 1, TO_DATE('2000-08-29', 'YYYY-MM-DD'), TO_DATE('2000-08-29 12:41:12', 'YYYY-MM-DD HH24:MI:SS'), 'AG2', 'BAS', 'Assaulted Another Inmate', 'OFFICER1');
INSERT INTO OFFENDER_SENTENCE_TERMS (OFFENDER_BOOK_ID, SENTENCE_SEQ, TERM_SEQ, SENTENCE_TERM_CODE, YEARS, MONTHS, START_DATE, END_DATE, LIFE_SENTENCE_FLAG) VALUES (-31, 1, 1, 'IMP', 3, 6, TO_DATE('2008-03-14', 'YYYY-MM-DD'), TO_DATE('2011-08-29', 'YYYY-MM-DD'), 'N');
INSERT INTO OFFENDER_SENT_CALCULATIONS (OFFENDER_SENT_CALCULATION_ID, OFFENDER_BOOK_ID, CALCULATION_DATE, APD_CALCULATED_DATE,  CRD_CALCULATED_DATE, SED_CALCULATED_DATE, CALC_REASON_CODE) VALUES (-31, -31, TO_DATE('2008-03-14', 'YYYY-MM-DD'), TO_DATE('2008-09-10', 'YYYY-MM-DD'),  TO_DATE('2009-03-09', 'YYYY-MM-DD'), TO_DATE('2009-08-16', 'YYYY-MM-DD'), 'NEW');
INSERT INTO OFFENDER_RELEASE_DETAILS (OFFENDER_BOOK_ID, RELEASE_DATE, COMMENT_TEXT, MOVEMENT_TYPE, MOVEMENT_REASON_CODE, EVENT_ID) VALUES (-31, TO_DATE('2015-08-28', 'YYYY-MM-DD'), null, 'REL', 'DD', 1);

INSERT INTO OFFENDER_IEP_LEVELS (OFFENDER_BOOK_ID, IEP_LEVEL_SEQ, IEP_DATE, IEP_TIME, AGY_LOC_ID, IEP_LEVEL, COMMENT_TEXT, USER_ID) VALUES (-32, 1, TO_DATE('2000-09-05', 'YYYY-MM-DD'), TO_DATE('2000-09-05 12:41:12', 'YYYY-MM-DD HH24:MI:SS'), 'AG2', 'BAS', 'Assaulted Another Inmate', 'OFFICER1');
INSERT INTO OFFENDER_SENTENCE_TERMS (OFFENDER_BOOK_ID, SENTENCE_SEQ, TERM_SEQ, SENTENCE_TERM_CODE, YEARS, MONTHS, START_DATE, END_DATE, LIFE_SENTENCE_FLAG) VALUES (-32, 1, 1, 'IMP', 3, 7, TO_DATE('2008-03-19', 'YYYY-MM-DD'), TO_DATE('2011-10-01', 'YYYY-MM-DD'), 'N');
INSERT INTO OFFENDER_SENT_CALCULATIONS (OFFENDER_SENT_CALCULATION_ID, OFFENDER_BOOK_ID, CALCULATION_DATE, APD_CALCULATED_DATE,  CRD_CALCULATED_DATE, SED_CALCULATED_DATE, CALC_REASON_CODE) VALUES (-32, -32, TO_DATE('2008-03-19', 'YYYY-MM-DD'), TO_DATE('2008-09-15', 'YYYY-MM-DD'),  TO_DATE('2009-03-14', 'YYYY-MM-DD'), TO_DATE('2009-08-21', 'YYYY-MM-DD'), 'NEW');
INSERT INTO OFFENDER_RELEASE_DETAILS (OFFENDER_BOOK_ID, RELEASE_DATE, COMMENT_TEXT, MOVEMENT_TYPE, MOVEMENT_REASON_CODE, EVENT_ID) VALUES (-32, TO_DATE('2015-09-30', 'YYYY-MM-DD'), null, 'REL', 'DD', 1);

INSERT INTO OFFENDER_IEP_LEVELS (OFFENDER_BOOK_ID, IEP_LEVEL_SEQ, IEP_DATE, IEP_TIME, AGY_LOC_ID, IEP_LEVEL, COMMENT_TEXT, USER_ID) VALUES (-33, 1, TO_DATE('2000-09-12', 'YYYY-MM-DD'), TO_DATE('2000-09-12 12:41:12', 'YYYY-MM-DD HH24:MI:SS'), 'AG2', 'BAS', 'Assaulted Another Inmate', 'OFFICER1');
INSERT INTO OFFENDER_SENTENCE_TERMS (OFFENDER_BOOK_ID, SENTENCE_SEQ, TERM_SEQ, SENTENCE_TERM_CODE, YEARS, MONTHS, START_DATE, END_DATE, LIFE_SENTENCE_FLAG) VALUES (-33, 1, 1, 'IMP', 3, 8, TO_DATE('2008-03-24', 'YYYY-MM-DD'), TO_DATE('2011-11-03', 'YYYY-MM-DD'), 'N');
INSERT INTO OFFENDER_SENT_CALCULATIONS (OFFENDER_SENT_CALCULATION_ID, OFFENDER_BOOK_ID, CALCULATION_DATE, APD_CALCULATED_DATE,  CRD_CALCULATED_DATE, SED_CALCULATED_DATE, CALC_REASON_CODE) VALUES (-33, -33, TO_DATE('2008-03-24', 'YYYY-MM-DD'), TO_DATE('2008-09-20', 'YYYY-MM-DD'),  TO_DATE('2009-03-19', 'YYYY-MM-DD'), TO_DATE('2009-08-26', 'YYYY-MM-DD'), 'NEW');
INSERT INTO OFFENDER_RELEASE_DETAILS (OFFENDER_BOOK_ID, RELEASE_DATE, COMMENT_TEXT, MOVEMENT_TYPE, MOVEMENT_REASON_CODE, EVENT_ID) VALUES (-33, TO_DATE('2015-11-02', 'YYYY-MM-DD'), null, 'REL', 'DD', 1);

INSERT INTO OFFENDER_IEP_LEVELS (OFFENDER_BOOK_ID, IEP_LEVEL_SEQ, IEP_DATE, IEP_TIME, AGY_LOC_ID, IEP_LEVEL, COMMENT_TEXT, USER_ID) VALUES (-34, 1, TO_DATE('2000-09-19', 'YYYY-MM-DD'), TO_DATE('2000-09-19 12:41:12', 'YYYY-MM-DD HH24:MI:SS'), 'AG2', 'BAS', 'Assaulted Another Inmate', 'OFFICER1');
INSERT INTO OFFENDER_SENTENCE_TERMS (OFFENDER_BOOK_ID, SENTENCE_SEQ, TERM_SEQ, SENTENCE_TERM_CODE, YEARS, MONTHS, START_DATE, END_DATE, LIFE_SENTENCE_FLAG) VALUES (-34, 1, 1, 'IMP', 3, 9, TO_DATE('2008-03-29', 'YYYY-MM-DD'), TO_DATE('2011-12-06', 'YYYY-MM-DD'), 'N');
INSERT INTO OFFENDER_SENT_CALCULATIONS (OFFENDER_SENT_CALCULATION_ID, OFFENDER_BOOK_ID, CALCULATION_DATE, APD_CALCULATED_DATE,  CRD_CALCULATED_DATE, SED_CALCULATED_DATE, CALC_REASON_CODE) VALUES (-34, -34, TO_DATE('2008-03-29', 'YYYY-MM-DD'), TO_DATE('2008-09-25', 'YYYY-MM-DD'),  TO_DATE('2009-03-24', 'YYYY-MM-DD'), TO_DATE('2009-08-31', 'YYYY-MM-DD'), 'NEW');
INSERT INTO OFFENDER_RELEASE_DETAILS (OFFENDER_BOOK_ID, RELEASE_DATE, COMMENT_TEXT, MOVEMENT_TYPE, MOVEMENT_REASON_CODE, EVENT_ID) VALUES (-34, TO_DATE('2015-12-05', 'YYYY-MM-DD'), null, 'REL', 'DD', 1);

INSERT INTO OFFENDER_IEP_LEVELS (OFFENDER_BOOK_ID, IEP_LEVEL_SEQ, IEP_DATE, IEP_TIME, AGY_LOC_ID, IEP_LEVEL, COMMENT_TEXT, USER_ID) VALUES (-35, 1, TO_DATE('2000-09-26', 'YYYY-MM-DD'), TO_DATE('2000-09-26 12:41:12', 'YYYY-MM-DD HH24:MI:SS'), 'AG2', 'BAS', 'Assaulted Another Inmate', 'OFFICER1');
INSERT INTO OFFENDER_SENTENCE_TERMS (OFFENDER_BOOK_ID, SENTENCE_SEQ, TERM_SEQ, SENTENCE_TERM_CODE, YEARS, MONTHS, START_DATE, END_DATE, LIFE_SENTENCE_FLAG) VALUES (-35, 1, 1, 'IMP', 3, 10, TO_DATE('2008-04-03', 'YYYY-MM-DD'), TO_DATE('2012-01-08', 'YYYY-MM-DD'), 'N');
INSERT INTO OFFENDER_SENT_CALCULATIONS (OFFENDER_SENT_CALCULATION_ID, OFFENDER_BOOK_ID, CALCULATION_DATE, APD_CALCULATED_DATE,  CRD_CALCULATED_DATE, SED_CALCULATED_DATE, CALC_REASON_CODE) VALUES (-35, -35, TO_DATE('2008-04-03', 'YYYY-MM-DD'), TO_DATE('2008-09-30', 'YYYY-MM-DD'),  TO_DATE('2009-03-29', 'YYYY-MM-DD'), TO_DATE('2009-09-05', 'YYYY-MM-DD'), 'NEW');
INSERT INTO OFFENDER_RELEASE_DETAILS (OFFENDER_BOOK_ID, RELEASE_DATE, COMMENT_TEXT, MOVEMENT_TYPE, MOVEMENT_REASON_CODE, EVENT_ID) VALUES (-35, TO_DATE('2016-01-07', 'YYYY-MM-DD'), null, 'REL', 'DD', 1);

INSERT INTO OFFENDER_IEP_LEVELS (OFFENDER_BOOK_ID, IEP_LEVEL_SEQ, IEP_DATE, IEP_TIME, AGY_LOC_ID, IEP_LEVEL, COMMENT_TEXT, USER_ID) VALUES (-36, 1, TO_DATE('2000-10-03', 'YYYY-MM-DD'), TO_DATE('2000-10-03 12:41:12', 'YYYY-MM-DD HH24:MI:SS'), 'AG2', 'BAS', 'Assaulted Another Inmate', 'OFFICER1');
INSERT INTO OFFENDER_SENTENCE_TERMS (OFFENDER_BOOK_ID, SENTENCE_SEQ, TERM_SEQ, SENTENCE_TERM_CODE, YEARS, MONTHS, START_DATE, END_DATE, LIFE_SENTENCE_FLAG) VALUES (-36, 1, 1, 'IMP', 3, 11, TO_DATE('2008-04-08', 'YYYY-MM-DD'), TO_DATE('2012-02-10', 'YYYY-MM-DD'), 'N');
INSERT INTO OFFENDER_SENT_CALCULATIONS (OFFENDER_SENT_CALCULATION_ID, OFFENDER_BOOK_ID, CALCULATION_DATE, APD_CALCULATED_DATE,  CRD_CALCULATED_DATE, SED_CALCULATED_DATE, CALC_REASON_CODE) VALUES (-36, -36, TO_DATE('2008-04-08', 'YYYY-MM-DD'), TO_DATE('2008-10-05', 'YYYY-MM-DD'),  TO_DATE('2009-04-03', 'YYYY-MM-DD'), TO_DATE('2009-09-10', 'YYYY-MM-DD'), 'NEW');
INSERT INTO OFFENDER_RELEASE_DETAILS (OFFENDER_BOOK_ID, RELEASE_DATE, COMMENT_TEXT, MOVEMENT_TYPE, MOVEMENT_REASON_CODE, EVENT_ID) VALUES (-36, TO_DATE('2016-02-09', 'YYYY-MM-DD'), null, 'REL', 'DD', 1);

INSERT INTO OFFENDER_IEP_LEVELS (OFFENDER_BOOK_ID, IEP_LEVEL_SEQ, IEP_DATE, IEP_TIME, AGY_LOC_ID, IEP_LEVEL, COMMENT_TEXT, USER_ID) VALUES (-37, 1, TO_DATE('2000-10-10', 'YYYY-MM-DD'), TO_DATE('2000-10-10 12:41:12', 'YYYY-MM-DD HH24:MI:SS'), 'AG2', 'BAS', 'Assaulted Another Inmate', 'OFFICER1');
INSERT INTO OFFENDER_SENTENCE_TERMS (OFFENDER_BOOK_ID, SENTENCE_SEQ, TERM_SEQ, SENTENCE_TERM_CODE, YEARS, MONTHS, START_DATE, END_DATE, LIFE_SENTENCE_FLAG) VALUES (-37, 1, 1, 'IMP', 4, 0, TO_DATE('2008-04-13', 'YYYY-MM-DD'), TO_DATE('2012-04-12', 'YYYY-MM-DD'), 'N');
INSERT INTO OFFENDER_SENT_CALCULATIONS (OFFENDER_SENT_CALCULATION_ID, OFFENDER_BOOK_ID, CALCULATION_DATE, APD_CALCULATED_DATE,  CRD_CALCULATED_DATE, SED_CALCULATED_DATE, CALC_REASON_CODE) VALUES (-37, -37, TO_DATE('2008-04-13', 'YYYY-MM-DD'), TO_DATE('2008-10-10', 'YYYY-MM-DD'),  TO_DATE('2009-04-08', 'YYYY-MM-DD'), TO_DATE('2009-09-15', 'YYYY-MM-DD'), 'NEW');
INSERT INTO OFFENDER_RELEASE_DETAILS (OFFENDER_BOOK_ID, RELEASE_DATE, COMMENT_TEXT, MOVEMENT_TYPE, MOVEMENT_REASON_CODE, EVENT_ID) VALUES (-37, TO_DATE('2016-04-11', 'YYYY-MM-DD'), null, 'REL', 'DD', 1);

INSERT INTO OFFENDER_IEP_LEVELS (OFFENDER_BOOK_ID, IEP_LEVEL_SEQ, IEP_DATE, IEP_TIME, AGY_LOC_ID, IEP_LEVEL, COMMENT_TEXT, USER_ID) VALUES (-38, 1, TO_DATE('2000-10-17', 'YYYY-MM-DD'), TO_DATE('2000-10-17 12:41:12', 'YYYY-MM-DD HH24:MI:SS'), 'AG2', 'BAS', 'Assaulted Another Inmate', 'OFFICER1');
INSERT INTO OFFENDER_SENTENCE_TERMS (OFFENDER_BOOK_ID, SENTENCE_SEQ, TERM_SEQ, SENTENCE_TERM_CODE, YEARS, MONTHS, START_DATE, END_DATE, LIFE_SENTENCE_FLAG) VALUES (-38, 1, 1, 'IMP', 4, 1, TO_DATE('2008-04-18', 'YYYY-MM-DD'), TO_DATE('2012-05-15', 'YYYY-MM-DD'), 'N');
INSERT INTO OFFENDER_SENT_CALCULATIONS (OFFENDER_SENT_CALCULATION_ID, OFFENDER_BOOK_ID, CALCULATION_DATE, APD_CALCULATED_DATE,  CRD_CALCULATED_DATE, SED_CALCULATED_DATE, CALC_REASON_CODE) VALUES (-38, -38, TO_DATE('2008-04-18', 'YYYY-MM-DD'), TO_DATE('2008-10-15', 'YYYY-MM-DD'),  TO_DATE('2009-04-13', 'YYYY-MM-DD'), TO_DATE('2009-09-20', 'YYYY-MM-DD'), 'NEW');
INSERT INTO OFFENDER_RELEASE_DETAILS (OFFENDER_BOOK_ID, RELEASE_DATE, COMMENT_TEXT, MOVEMENT_TYPE, MOVEMENT_REASON_CODE, EVENT_ID) VALUES (-38, TO_DATE('2016-05-14', 'YYYY-MM-DD'), null, 'REL', 'DD', 1);

INSERT INTO OFFENDER_IEP_LEVELS (OFFENDER_BOOK_ID, IEP_LEVEL_SEQ, IEP_DATE, IEP_TIME, AGY_LOC_ID, IEP_LEVEL, COMMENT_TEXT, USER_ID) VALUES (-39, 1, TO_DATE('2000-10-24', 'YYYY-MM-DD'), TO_DATE('2000-10-24 12:41:12', 'YYYY-MM-DD HH24:MI:SS'), 'AG2', 'BAS', 'Assaulted Another Inmate', 'OFFICER1');
INSERT INTO OFFENDER_SENTENCE_TERMS (OFFENDER_BOOK_ID, SENTENCE_SEQ, TERM_SEQ, SENTENCE_TERM_CODE, YEARS, MONTHS, START_DATE, END_DATE, LIFE_SENTENCE_FLAG) VALUES (-39, 1, 1, 'IMP', 4, 2, TO_DATE('2008-04-23', 'YYYY-MM-DD'), TO_DATE('2012-06-17', 'YYYY-MM-DD'), 'N');
INSERT INTO OFFENDER_SENT_CALCULATIONS (OFFENDER_SENT_CALCULATION_ID, OFFENDER_BOOK_ID, CALCULATION_DATE, APD_CALCULATED_DATE,  CRD_CALCULATED_DATE, SED_CALCULATED_DATE, CALC_REASON_CODE) VALUES (-39, -39, TO_DATE('2008-04-23', 'YYYY-MM-DD'), TO_DATE('2008-10-20', 'YYYY-MM-DD'),  TO_DATE('2009-04-18', 'YYYY-MM-DD'), TO_DATE('2009-09-25', 'YYYY-MM-DD'), 'NEW');
INSERT INTO OFFENDER_RELEASE_DETAILS (OFFENDER_BOOK_ID, RELEASE_DATE, COMMENT_TEXT, MOVEMENT_TYPE, MOVEMENT_REASON_CODE, EVENT_ID) VALUES (-39, TO_DATE('2016-06-16', 'YYYY-MM-DD'), null, 'REL', 'DD', 1);

INSERT INTO OFFENDER_IEP_LEVELS (OFFENDER_BOOK_ID, IEP_LEVEL_SEQ, IEP_DATE, IEP_TIME, AGY_LOC_ID, IEP_LEVEL, COMMENT_TEXT, USER_ID) VALUES (-40, 1, TO_DATE('2000-10-31', 'YYYY-MM-DD'), TO_DATE('2000-10-31 12:41:12', 'YYYY-MM-DD HH24:MI:SS'), 'AG2', 'BAS', 'Assaulted Another Inmate', 'OFFICER1');
INSERT INTO OFFENDER_SENTENCE_TERMS (OFFENDER_BOOK_ID, SENTENCE_SEQ, TERM_SEQ, SENTENCE_TERM_CODE, YEARS, MONTHS, START_DATE, END_DATE, LIFE_SENTENCE_FLAG) VALUES (-40, 1, 1, 'IMP', 4, 3, TO_DATE('2008-04-28', 'YYYY-MM-DD'), TO_DATE('2012-07-20', 'YYYY-MM-DD'), 'N');
INSERT INTO OFFENDER_SENT_CALCULATIONS (OFFENDER_SENT_CALCULATION_ID, OFFENDER_BOOK_ID, CALCULATION_DATE, APD_CALCULATED_DATE,  CRD_CALCULATED_DATE, SED_CALCULATED_DATE, CALC_REASON_CODE) VALUES (-40, -40, TO_DATE('2008-04-28', 'YYYY-MM-DD'), TO_DATE('2008-10-25', 'YYYY-MM-DD'),  TO_DATE('2009-04-23', 'YYYY-MM-DD'), TO_DATE('2009-09-30', 'YYYY-MM-DD'), 'NEW');
INSERT INTO OFFENDER_RELEASE_DETAILS (OFFENDER_BOOK_ID, RELEASE_DATE, COMMENT_TEXT, MOVEMENT_TYPE, MOVEMENT_REASON_CODE, EVENT_ID) VALUES (-40, TO_DATE('2016-07-19', 'YYYY-MM-DD'), null, 'REL', 'DD', 1);

INSERT INTO OFFENDER_IEP_LEVELS (OFFENDER_BOOK_ID, IEP_LEVEL_SEQ, IEP_DATE, IEP_TIME, AGY_LOC_ID, IEP_LEVEL, COMMENT_TEXT, USER_ID) VALUES (-41, 1, TO_DATE('2000-11-07', 'YYYY-MM-DD'), TO_DATE('2000-11-07 12:41:12', 'YYYY-MM-DD HH24:MI:SS'), 'AG2', 'BAS', 'Assaulted Another Inmate', 'OFFICER1');
INSERT INTO OFFENDER_SENTENCE_TERMS (OFFENDER_BOOK_ID, SENTENCE_SEQ, TERM_SEQ, SENTENCE_TERM_CODE, YEARS, MONTHS, START_DATE, END_DATE, LIFE_SENTENCE_FLAG) VALUES (-41, 1, 1, 'IMP', 4, 4, TO_DATE('2008-05-03', 'YYYY-MM-DD'), TO_DATE('2012-08-22', 'YYYY-MM-DD'), 'N');
INSERT INTO OFFENDER_SENT_CALCULATIONS (OFFENDER_SENT_CALCULATION_ID, OFFENDER_BOOK_ID, CALCULATION_DATE, APD_CALCULATED_DATE,  CRD_CALCULATED_DATE, SED_CALCULATED_DATE, CALC_REASON_CODE) VALUES (-41, -41, TO_DATE('2008-05-03', 'YYYY-MM-DD'), TO_DATE('2008-10-30', 'YYYY-MM-DD'),  TO_DATE('2009-04-28', 'YYYY-MM-DD'), TO_DATE('2009-10-05', 'YYYY-MM-DD'), 'NEW');
INSERT INTO OFFENDER_RELEASE_DETAILS (OFFENDER_BOOK_ID, RELEASE_DATE, COMMENT_TEXT, MOVEMENT_TYPE, MOVEMENT_REASON_CODE, EVENT_ID) VALUES (-41, TO_DATE('2016-08-21', 'YYYY-MM-DD'), null, 'REL', 'DD', 1);

INSERT INTO OFFENDER_IEP_LEVELS (OFFENDER_BOOK_ID, IEP_LEVEL_SEQ, IEP_DATE, IEP_TIME, AGY_LOC_ID, IEP_LEVEL, COMMENT_TEXT, USER_ID) VALUES (-42, 1, TO_DATE('2000-11-14', 'YYYY-MM-DD'), TO_DATE('2000-11-14 12:41:12', 'YYYY-MM-DD HH24:MI:SS'), 'AG2', 'BAS', 'Assaulted Another Inmate', 'OFFICER1');
INSERT INTO OFFENDER_SENTENCE_TERMS (OFFENDER_BOOK_ID, SENTENCE_SEQ, TERM_SEQ, SENTENCE_TERM_CODE, YEARS, MONTHS, START_DATE, END_DATE, LIFE_SENTENCE_FLAG) VALUES (-42, 1, 1, 'IMP', 4, 5, TO_DATE('2008-05-08', 'YYYY-MM-DD'), TO_DATE('2012-09-24', 'YYYY-MM-DD'), 'N');
INSERT INTO OFFENDER_SENT_CALCULATIONS (OFFENDER_SENT_CALCULATION_ID, OFFENDER_BOOK_ID, CALCULATION_DATE, APD_CALCULATED_DATE,  CRD_CALCULATED_DATE, SED_CALCULATED_DATE, CALC_REASON_CODE) VALUES (-42, -42, TO_DATE('2008-05-08', 'YYYY-MM-DD'), TO_DATE('2008-11-04', 'YYYY-MM-DD'),  TO_DATE('2009-05-03', 'YYYY-MM-DD'), TO_DATE('2009-10-10', 'YYYY-MM-DD'), 'NEW');
INSERT INTO OFFENDER_RELEASE_DETAILS (OFFENDER_BOOK_ID, RELEASE_DATE, COMMENT_TEXT, MOVEMENT_TYPE, MOVEMENT_REASON_CODE, EVENT_ID) VALUES (-42, TO_DATE('2016-09-23', 'YYYY-MM-DD'), null, 'REL', 'DD', 1);

INSERT INTO OFFENDER_IEP_LEVELS (OFFENDER_BOOK_ID, IEP_LEVEL_SEQ, IEP_DATE, IEP_TIME, AGY_LOC_ID, IEP_LEVEL, COMMENT_TEXT, USER_ID) VALUES (-43, 1, TO_DATE('2000-11-21', 'YYYY-MM-DD'), TO_DATE('2000-11-21 12:41:12', 'YYYY-MM-DD HH24:MI:SS'), 'AG2', 'BAS', 'Assaulted Another Inmate', 'OFFICER1');
INSERT INTO OFFENDER_SENTENCE_TERMS (OFFENDER_BOOK_ID, SENTENCE_SEQ, TERM_SEQ, SENTENCE_TERM_CODE, YEARS, MONTHS, START_DATE, END_DATE, LIFE_SENTENCE_FLAG) VALUES (-43, 1, 1, 'IMP', 4, 6, TO_DATE('2008-05-13', 'YYYY-MM-DD'), TO_DATE('2012-10-27', 'YYYY-MM-DD'), 'N');
INSERT INTO OFFENDER_SENT_CALCULATIONS (OFFENDER_SENT_CALCULATION_ID, OFFENDER_BOOK_ID, CALCULATION_DATE, APD_CALCULATED_DATE,  CRD_CALCULATED_DATE, SED_CALCULATED_DATE, CALC_REASON_CODE) VALUES (-43, -43, TO_DATE('2008-05-13', 'YYYY-MM-DD'), TO_DATE('2008-11-09', 'YYYY-MM-DD'),  TO_DATE('2009-05-08', 'YYYY-MM-DD'), TO_DATE('2009-10-15', 'YYYY-MM-DD'), 'NEW');
INSERT INTO OFFENDER_RELEASE_DETAILS (OFFENDER_BOOK_ID, RELEASE_DATE, COMMENT_TEXT, MOVEMENT_TYPE, MOVEMENT_REASON_CODE, EVENT_ID) VALUES (-43, TO_DATE('2016-10-26', 'YYYY-MM-DD'), null, 'REL', 'DD', 1);

INSERT INTO OFFENDER_IEP_LEVELS (OFFENDER_BOOK_ID, IEP_LEVEL_SEQ, IEP_DATE, IEP_TIME, AGY_LOC_ID, IEP_LEVEL, COMMENT_TEXT, USER_ID) VALUES (-44, 1, TO_DATE('2000-11-28', 'YYYY-MM-DD'), TO_DATE('2000-11-28 12:41:12', 'YYYY-MM-DD HH24:MI:SS'), 'AG2', 'BAS', 'Assaulted Another Inmate', 'OFFICER1');
INSERT INTO OFFENDER_SENTENCE_TERMS (OFFENDER_BOOK_ID, SENTENCE_SEQ, TERM_SEQ, SENTENCE_TERM_CODE, YEARS, MONTHS, START_DATE, END_DATE, LIFE_SENTENCE_FLAG) VALUES (-44, 1, 1, 'IMP', 4, 7, TO_DATE('2008-05-18', 'YYYY-MM-DD'), TO_DATE('2012-11-29', 'YYYY-MM-DD'), 'N');
INSERT INTO OFFENDER_SENT_CALCULATIONS (OFFENDER_SENT_CALCULATION_ID, OFFENDER_BOOK_ID, CALCULATION_DATE, APD_CALCULATED_DATE,  CRD_CALCULATED_DATE, SED_CALCULATED_DATE, CALC_REASON_CODE) VALUES (-44, -44, TO_DATE('2008-05-18', 'YYYY-MM-DD'), TO_DATE('2008-11-14', 'YYYY-MM-DD'),  TO_DATE('2009-05-13', 'YYYY-MM-DD'), TO_DATE('2009-10-20', 'YYYY-MM-DD'), 'NEW');
INSERT INTO OFFENDER_RELEASE_DETAILS (OFFENDER_BOOK_ID, RELEASE_DATE, COMMENT_TEXT, MOVEMENT_TYPE, MOVEMENT_REASON_CODE, EVENT_ID) VALUES (-44, TO_DATE('2016-11-28', 'YYYY-MM-DD'), null, 'REL', 'DD', 1);

INSERT INTO OFFENDER_IEP_LEVELS (OFFENDER_BOOK_ID, IEP_LEVEL_SEQ, IEP_DATE, IEP_TIME, AGY_LOC_ID, IEP_LEVEL, COMMENT_TEXT, USER_ID) VALUES (-45, 1, TO_DATE('2000-12-05', 'YYYY-MM-DD'), TO_DATE('2000-12-05 12:41:12', 'YYYY-MM-DD HH24:MI:SS'), 'AG2', 'BAS', 'Assaulted Another Inmate', 'OFFICER1');
INSERT INTO OFFENDER_SENTENCE_TERMS (OFFENDER_BOOK_ID, SENTENCE_SEQ, TERM_SEQ, SENTENCE_TERM_CODE, YEARS, MONTHS, START_DATE, END_DATE, LIFE_SENTENCE_FLAG) VALUES (-45, 1, 1, 'IMP', 4, 8, TO_DATE('2008-05-23', 'YYYY-MM-DD'), TO_DATE('2013-01-01', 'YYYY-MM-DD'), 'N');
INSERT INTO OFFENDER_SENT_CALCULATIONS (OFFENDER_SENT_CALCULATION_ID, OFFENDER_BOOK_ID, CALCULATION_DATE, APD_CALCULATED_DATE,  CRD_CALCULATED_DATE, SED_CALCULATED_DATE, CALC_REASON_CODE) VALUES (-45, -45, TO_DATE('2008-05-23', 'YYYY-MM-DD'), TO_DATE('2008-11-19', 'YYYY-MM-DD'),  TO_DATE('2009-05-18', 'YYYY-MM-DD'), TO_DATE('2009-10-25', 'YYYY-MM-DD'), 'NEW');
INSERT INTO OFFENDER_RELEASE_DETAILS (OFFENDER_BOOK_ID, RELEASE_DATE, COMMENT_TEXT, MOVEMENT_TYPE, MOVEMENT_REASON_CODE, EVENT_ID) VALUES (-45, TO_DATE('2016-12-31', 'YYYY-MM-DD'), null, 'REL', 'DD', 1);

INSERT INTO OFFENDER_IEP_LEVELS (OFFENDER_BOOK_ID, IEP_LEVEL_SEQ, IEP_DATE, IEP_TIME, AGY_LOC_ID, IEP_LEVEL, COMMENT_TEXT, USER_ID) VALUES (-46, 1, TO_DATE('2000-12-12', 'YYYY-MM-DD'), TO_DATE('2000-12-12 12:41:12', 'YYYY-MM-DD HH24:MI:SS'), 'AG2', 'BAS', 'Assaulted Another Inmate', 'OFFICER1');
INSERT INTO OFFENDER_SENTENCE_TERMS (OFFENDER_BOOK_ID, SENTENCE_SEQ, TERM_SEQ, SENTENCE_TERM_CODE, YEARS, MONTHS, START_DATE, END_DATE, LIFE_SENTENCE_FLAG) VALUES (-46, 1, 1, 'IMP', 4, 9, TO_DATE('2008-05-28', 'YYYY-MM-DD'), TO_DATE('2013-02-03', 'YYYY-MM-DD'), 'N');
INSERT INTO OFFENDER_SENT_CALCULATIONS (OFFENDER_SENT_CALCULATION_ID, OFFENDER_BOOK_ID, CALCULATION_DATE, APD_CALCULATED_DATE,  CRD_CALCULATED_DATE, SED_CALCULATED_DATE, CALC_REASON_CODE) VALUES (-46, -46, TO_DATE('2008-05-28', 'YYYY-MM-DD'), TO_DATE('2008-11-24', 'YYYY-MM-DD'),  TO_DATE('2009-05-23', 'YYYY-MM-DD'), TO_DATE('2009-10-30', 'YYYY-MM-DD'), 'NEW');
INSERT INTO OFFENDER_RELEASE_DETAILS (OFFENDER_BOOK_ID, RELEASE_DATE, COMMENT_TEXT, MOVEMENT_TYPE, MOVEMENT_REASON_CODE, EVENT_ID) VALUES (-46, TO_DATE('2017-02-02', 'YYYY-MM-DD'), null, 'REL', 'DD', 1);

INSERT INTO OFFENDER_IEP_LEVELS (OFFENDER_BOOK_ID, IEP_LEVEL_SEQ, IEP_DATE, IEP_TIME, AGY_LOC_ID, IEP_LEVEL, COMMENT_TEXT, USER_ID) VALUES (-47, 1, TO_DATE('2000-12-19', 'YYYY-MM-DD'), TO_DATE('2000-12-19 12:41:12', 'YYYY-MM-DD HH24:MI:SS'), 'AG2', 'BAS', 'Assaulted Another Inmate', 'OFFICER1');
INSERT INTO OFFENDER_SENTENCE_TERMS (OFFENDER_BOOK_ID, SENTENCE_SEQ, TERM_SEQ, SENTENCE_TERM_CODE, YEARS, MONTHS, START_DATE, END_DATE, LIFE_SENTENCE_FLAG) VALUES (-47, 1, 1, 'IMP', 4, 10, TO_DATE('2008-06-02', 'YYYY-MM-DD'), TO_DATE('2013-03-08', 'YYYY-MM-DD'), 'N');
INSERT INTO OFFENDER_SENT_CALCULATIONS (OFFENDER_SENT_CALCULATION_ID, OFFENDER_BOOK_ID, CALCULATION_DATE, APD_CALCULATED_DATE,  CRD_CALCULATED_DATE, SED_CALCULATED_DATE, CALC_REASON_CODE) VALUES (-47, -47, TO_DATE('2008-06-02', 'YYYY-MM-DD'), TO_DATE('2008-11-29', 'YYYY-MM-DD'),  TO_DATE('2009-05-28', 'YYYY-MM-DD'), TO_DATE('2009-11-04', 'YYYY-MM-DD'), 'NEW');
INSERT INTO OFFENDER_RELEASE_DETAILS (OFFENDER_BOOK_ID, RELEASE_DATE, COMMENT_TEXT, MOVEMENT_TYPE, MOVEMENT_REASON_CODE, EVENT_ID) VALUES (-47, TO_DATE('2017-03-07', 'YYYY-MM-DD'), null, 'REL', 'DD', 1);

INSERT INTO OFFENDER_IEP_LEVELS (OFFENDER_BOOK_ID, IEP_LEVEL_SEQ, IEP_DATE, IEP_TIME, AGY_LOC_ID, IEP_LEVEL, COMMENT_TEXT, USER_ID) VALUES (-48, 1, TO_DATE('2000-12-26', 'YYYY-MM-DD'), TO_DATE('2000-12-26 12:41:12', 'YYYY-MM-DD HH24:MI:SS'), 'AG2', 'BAS', 'Assaulted Another Inmate', 'OFFICER1');
INSERT INTO OFFENDER_SENTENCE_TERMS (OFFENDER_BOOK_ID, SENTENCE_SEQ, TERM_SEQ, SENTENCE_TERM_CODE, YEARS, MONTHS, START_DATE, END_DATE, LIFE_SENTENCE_FLAG) VALUES (-48, 1, 1, 'IMP', 4, 11, TO_DATE('2008-06-07', 'YYYY-MM-DD'), TO_DATE('2013-04-10', 'YYYY-MM-DD'), 'N');
INSERT INTO OFFENDER_SENT_CALCULATIONS (OFFENDER_SENT_CALCULATION_ID, OFFENDER_BOOK_ID, CALCULATION_DATE, APD_CALCULATED_DATE,  CRD_CALCULATED_DATE, SED_CALCULATED_DATE, CALC_REASON_CODE) VALUES (-48, -48, TO_DATE('2008-06-07', 'YYYY-MM-DD'), TO_DATE('2008-12-04', 'YYYY-MM-DD'),  TO_DATE('2009-06-02', 'YYYY-MM-DD'), TO_DATE('2009-11-09', 'YYYY-MM-DD'), 'NEW');
INSERT INTO OFFENDER_RELEASE_DETAILS (OFFENDER_BOOK_ID, RELEASE_DATE, COMMENT_TEXT, MOVEMENT_TYPE, MOVEMENT_REASON_CODE, EVENT_ID) VALUES (-48, TO_DATE('2017-04-09', 'YYYY-MM-DD'), null, 'REL', 'DD', 1);

INSERT INTO OFFENDER_IEP_LEVELS (OFFENDER_BOOK_ID, IEP_LEVEL_SEQ, IEP_DATE, IEP_TIME, AGY_LOC_ID, IEP_LEVEL, COMMENT_TEXT, USER_ID) VALUES (-49, 1, TO_DATE('2001-01-02', 'YYYY-MM-DD'), TO_DATE('2001-01-02 12:41:12', 'YYYY-MM-DD HH24:MI:SS'), 'AG2', 'BAS', 'Assaulted Another Inmate', 'OFFICER1');
INSERT INTO OFFENDER_SENTENCE_TERMS (OFFENDER_BOOK_ID, SENTENCE_SEQ, TERM_SEQ, SENTENCE_TERM_CODE, YEARS, MONTHS, START_DATE, END_DATE, LIFE_SENTENCE_FLAG) VALUES (-49, 1, 1, 'IMP', 5, 0, TO_DATE('2008-06-12', 'YYYY-MM-DD'), TO_DATE('2013-06-11', 'YYYY-MM-DD'), 'N');
INSERT INTO OFFENDER_SENT_CALCULATIONS (OFFENDER_SENT_CALCULATION_ID, OFFENDER_BOOK_ID, CALCULATION_DATE, APD_CALCULATED_DATE,  CRD_CALCULATED_DATE, SED_CALCULATED_DATE, CALC_REASON_CODE) VALUES (-49, -49, TO_DATE('2008-06-12', 'YYYY-MM-DD'), TO_DATE('2008-12-09', 'YYYY-MM-DD'),  TO_DATE('2009-06-07', 'YYYY-MM-DD'), TO_DATE('2009-11-14', 'YYYY-MM-DD'), 'NEW');
INSERT INTO OFFENDER_RELEASE_DETAILS (OFFENDER_BOOK_ID, RELEASE_DATE, COMMENT_TEXT, MOVEMENT_TYPE, MOVEMENT_REASON_CODE, EVENT_ID) VALUES (-49, TO_DATE('2017-06-10', 'YYYY-MM-DD'), null, 'REL', 'DD', 1);

INSERT INTO OFFENDER_IEP_LEVELS (OFFENDER_BOOK_ID, IEP_LEVEL_SEQ, IEP_DATE, IEP_TIME, AGY_LOC_ID, IEP_LEVEL, COMMENT_TEXT, USER_ID) VALUES (-50, 1, TO_DATE('2001-01-09', 'YYYY-MM-DD'), TO_DATE('2001-01-09 12:41:12', 'YYYY-MM-DD HH24:MI:SS'), 'AG2', 'BAS', 'Assaulted Another Inmate', 'OFFICER1');
INSERT INTO OFFENDER_SENTENCE_TERMS (OFFENDER_BOOK_ID, SENTENCE_SEQ, TERM_SEQ, SENTENCE_TERM_CODE, YEARS, MONTHS, START_DATE, END_DATE, LIFE_SENTENCE_FLAG) VALUES (-50, 1, 1, 'IMP', 5, 1, TO_DATE('2008-06-17', 'YYYY-MM-DD'), TO_DATE('2013-07-14', 'YYYY-MM-DD'), 'N');
INSERT INTO OFFENDER_SENT_CALCULATIONS (OFFENDER_SENT_CALCULATION_ID, OFFENDER_BOOK_ID, CALCULATION_DATE, APD_CALCULATED_DATE,  CRD_CALCULATED_DATE, SED_CALCULATED_DATE, CALC_REASON_CODE) VALUES (-50, -50, TO_DATE('2008-06-17', 'YYYY-MM-DD'), TO_DATE('2008-12-14', 'YYYY-MM-DD'),  TO_DATE('2009-06-12', 'YYYY-MM-DD'), TO_DATE('2009-11-19', 'YYYY-MM-DD'), 'NEW');
INSERT INTO OFFENDER_RELEASE_DETAILS (OFFENDER_BOOK_ID, RELEASE_DATE, COMMENT_TEXT, MOVEMENT_TYPE, MOVEMENT_REASON_CODE, EVENT_ID) VALUES (-50, TO_DATE('2017-07-13', 'YYYY-MM-DD'), null, 'REL', 'DD', 1);

INSERT INTO OFFENDER_IEP_LEVELS (OFFENDER_BOOK_ID, IEP_LEVEL_SEQ, IEP_DATE, IEP_TIME, AGY_LOC_ID, IEP_LEVEL, COMMENT_TEXT, USER_ID) VALUES (-51, 1, TO_DATE('2001-01-16', 'YYYY-MM-DD'), TO_DATE('2001-01-16 12:41:12', 'YYYY-MM-DD HH24:MI:SS'), 'AG3', 'BAS', 'Assaulted Another Inmate', 'OFFICER1');
INSERT INTO OFFENDER_SENTENCE_TERMS (OFFENDER_BOOK_ID, SENTENCE_SEQ, TERM_SEQ, SENTENCE_TERM_CODE, YEARS, MONTHS, START_DATE, END_DATE, LIFE_SENTENCE_FLAG) VALUES (-51, 1, 1, 'IMP', 5, 2, TO_DATE('2008-06-22', 'YYYY-MM-DD'), TO_DATE('2013-08-16', 'YYYY-MM-DD'), 'N');
INSERT INTO OFFENDER_SENT_CALCULATIONS (OFFENDER_SENT_CALCULATION_ID, OFFENDER_BOOK_ID, CALCULATION_DATE, APD_CALCULATED_DATE,  CRD_CALCULATED_DATE, SED_CALCULATED_DATE, CALC_REASON_CODE) VALUES (-51, -51, TO_DATE('2008-06-22', 'YYYY-MM-DD'), TO_DATE('2008-12-19', 'YYYY-MM-DD'),  TO_DATE('2009-06-17', 'YYYY-MM-DD'), TO_DATE('2009-11-24', 'YYYY-MM-DD'), 'NEW');
INSERT INTO OFFENDER_RELEASE_DETAILS (OFFENDER_BOOK_ID, RELEASE_DATE, COMMENT_TEXT, MOVEMENT_TYPE, MOVEMENT_REASON_CODE, EVENT_ID) VALUES (-51, TO_DATE('2017-08-15', 'YYYY-MM-DD'), null, 'REL', 'DD', 1);

INSERT INTO OFFENDER_IEP_LEVELS (OFFENDER_BOOK_ID, IEP_LEVEL_SEQ, IEP_DATE, IEP_TIME, AGY_LOC_ID, IEP_LEVEL, COMMENT_TEXT, USER_ID) VALUES (-52, 1, TO_DATE('2001-01-23', 'YYYY-MM-DD'), TO_DATE('2001-01-23 12:41:12', 'YYYY-MM-DD HH24:MI:SS'), 'AG3', 'BAS', 'Assaulted Another Inmate', 'OFFICER1');
INSERT INTO OFFENDER_SENTENCE_TERMS (OFFENDER_BOOK_ID, SENTENCE_SEQ, TERM_SEQ, SENTENCE_TERM_CODE, YEARS, MONTHS, START_DATE, END_DATE, LIFE_SENTENCE_FLAG) VALUES (-52, 1, 1, 'IMP', 5, 3, TO_DATE('2008-06-27', 'YYYY-MM-DD'), TO_DATE('2013-09-18', 'YYYY-MM-DD'), 'N');
INSERT INTO OFFENDER_SENT_CALCULATIONS (OFFENDER_SENT_CALCULATION_ID, OFFENDER_BOOK_ID, CALCULATION_DATE, APD_CALCULATED_DATE,  CRD_CALCULATED_DATE, SED_CALCULATED_DATE, CALC_REASON_CODE) VALUES (-52, -52, TO_DATE('2008-06-27', 'YYYY-MM-DD'), TO_DATE('2008-12-24', 'YYYY-MM-DD'),  TO_DATE('2009-06-22', 'YYYY-MM-DD'), TO_DATE('2009-11-29', 'YYYY-MM-DD'), 'NEW');
INSERT INTO OFFENDER_RELEASE_DETAILS (OFFENDER_BOOK_ID, RELEASE_DATE, COMMENT_TEXT, MOVEMENT_TYPE, MOVEMENT_REASON_CODE, EVENT_ID) VALUES (-52, TO_DATE('2017-09-17', 'YYYY-MM-DD'), null, 'REL', 'DD', 1);

INSERT INTO OFFENDER_IEP_LEVELS (OFFENDER_BOOK_ID, IEP_LEVEL_SEQ, IEP_DATE, IEP_TIME, AGY_LOC_ID, IEP_LEVEL, COMMENT_TEXT, USER_ID) VALUES (-53, 1, TO_DATE('2001-01-30', 'YYYY-MM-DD'), TO_DATE('2001-01-30 12:41:12', 'YYYY-MM-DD HH24:MI:SS'), 'AG3', 'BAS', 'Assaulted Another Inmate', 'OFFICER1');
INSERT INTO OFFENDER_SENTENCE_TERMS (OFFENDER_BOOK_ID, SENTENCE_SEQ, TERM_SEQ, SENTENCE_TERM_CODE, YEARS, MONTHS, START_DATE, END_DATE, LIFE_SENTENCE_FLAG) VALUES (-53, 1, 1, 'IMP', 5, 4, TO_DATE('2008-07-02', 'YYYY-MM-DD'), TO_DATE('2013-10-21', 'YYYY-MM-DD'), 'N');
INSERT INTO OFFENDER_SENT_CALCULATIONS (OFFENDER_SENT_CALCULATION_ID, OFFENDER_BOOK_ID, CALCULATION_DATE, APD_CALCULATED_DATE,  CRD_CALCULATED_DATE, SED_CALCULATED_DATE, CALC_REASON_CODE) VALUES (-53, -53, TO_DATE('2008-07-02', 'YYYY-MM-DD'), TO_DATE('2008-12-29', 'YYYY-MM-DD'),  TO_DATE('2009-06-27', 'YYYY-MM-DD'), TO_DATE('2009-12-04', 'YYYY-MM-DD'), 'NEW');
INSERT INTO OFFENDER_RELEASE_DETAILS (OFFENDER_BOOK_ID, RELEASE_DATE, COMMENT_TEXT, MOVEMENT_TYPE, MOVEMENT_REASON_CODE, EVENT_ID) VALUES (-53, TO_DATE('2017-10-20', 'YYYY-MM-DD'), null, 'REL', 'DD', 1);

INSERT INTO OFFENDER_IEP_LEVELS (OFFENDER_BOOK_ID, IEP_LEVEL_SEQ, IEP_DATE, IEP_TIME, AGY_LOC_ID, IEP_LEVEL, COMMENT_TEXT, USER_ID) VALUES (-54, 1, TO_DATE('2001-02-06', 'YYYY-MM-DD'), TO_DATE('2001-02-06 12:41:12', 'YYYY-MM-DD HH24:MI:SS'), 'AG3', 'BAS', 'Assaulted Another Inmate', 'OFFICER1');
INSERT INTO OFFENDER_SENTENCE_TERMS (OFFENDER_BOOK_ID, SENTENCE_SEQ, TERM_SEQ, SENTENCE_TERM_CODE, YEARS, MONTHS, START_DATE, END_DATE, LIFE_SENTENCE_FLAG) VALUES (-54, 1, 1, 'IMP', 5, 5, TO_DATE('2008-07-07', 'YYYY-MM-DD'), TO_DATE('2013-11-23', 'YYYY-MM-DD'), 'N');
INSERT INTO OFFENDER_SENT_CALCULATIONS (OFFENDER_SENT_CALCULATION_ID, OFFENDER_BOOK_ID, CALCULATION_DATE, APD_CALCULATED_DATE,  CRD_CALCULATED_DATE, SED_CALCULATED_DATE, CALC_REASON_CODE) VALUES (-54, -54, TO_DATE('2008-07-07', 'YYYY-MM-DD'), TO_DATE('2009-01-03', 'YYYY-MM-DD'),  TO_DATE('2009-07-02', 'YYYY-MM-DD'), TO_DATE('2009-12-09', 'YYYY-MM-DD'), 'NEW');
INSERT INTO OFFENDER_RELEASE_DETAILS (OFFENDER_BOOK_ID, RELEASE_DATE, COMMENT_TEXT, MOVEMENT_TYPE, MOVEMENT_REASON_CODE, EVENT_ID) VALUES (-54, TO_DATE('2017-11-22', 'YYYY-MM-DD'), null, 'REL', 'DD', 1);

INSERT INTO OFFENDER_IEP_LEVELS (OFFENDER_BOOK_ID, IEP_LEVEL_SEQ, IEP_DATE, IEP_TIME, AGY_LOC_ID, IEP_LEVEL, COMMENT_TEXT, USER_ID) VALUES (-55, 1, TO_DATE('2001-02-13', 'YYYY-MM-DD'), TO_DATE('2001-02-13 12:41:12', 'YYYY-MM-DD HH24:MI:SS'), 'AG3', 'BAS', 'Assaulted Another Inmate', 'OFFICER1');
INSERT INTO OFFENDER_SENTENCE_TERMS (OFFENDER_BOOK_ID, SENTENCE_SEQ, TERM_SEQ, SENTENCE_TERM_CODE, YEARS, MONTHS, START_DATE, END_DATE, LIFE_SENTENCE_FLAG) VALUES (-55, 1, 1, 'IMP', 5, 6, TO_DATE('2008-07-12', 'YYYY-MM-DD'), TO_DATE('2013-12-26', 'YYYY-MM-DD'), 'N');
INSERT INTO OFFENDER_SENT_CALCULATIONS (OFFENDER_SENT_CALCULATION_ID, OFFENDER_BOOK_ID, CALCULATION_DATE, APD_CALCULATED_DATE,  CRD_CALCULATED_DATE, SED_CALCULATED_DATE, CALC_REASON_CODE) VALUES (-55, -55, TO_DATE('2008-07-12', 'YYYY-MM-DD'), TO_DATE('2009-01-08', 'YYYY-MM-DD'),  TO_DATE('2009-07-07', 'YYYY-MM-DD'), TO_DATE('2009-12-14', 'YYYY-MM-DD'), 'NEW');
INSERT INTO OFFENDER_RELEASE_DETAILS (OFFENDER_BOOK_ID, RELEASE_DATE, COMMENT_TEXT, MOVEMENT_TYPE, MOVEMENT_REASON_CODE, EVENT_ID) VALUES (-55, TO_DATE('2017-12-25', 'YYYY-MM-DD'), null, 'REL', 'DD', 1);

INSERT INTO OFFENDER_IEP_LEVELS (OFFENDER_BOOK_ID, IEP_LEVEL_SEQ, IEP_DATE, IEP_TIME, AGY_LOC_ID, IEP_LEVEL, COMMENT_TEXT, USER_ID) VALUES (-56, 1, TO_DATE('2001-02-20', 'YYYY-MM-DD'), TO_DATE('2001-02-20 12:41:12', 'YYYY-MM-DD HH24:MI:SS'), 'AG3', 'BAS', 'Assaulted Another Inmate', 'OFFICER1');
INSERT INTO OFFENDER_SENTENCE_TERMS (OFFENDER_BOOK_ID, SENTENCE_SEQ, TERM_SEQ, SENTENCE_TERM_CODE, YEARS, MONTHS, START_DATE, END_DATE, LIFE_SENTENCE_FLAG) VALUES (-56, 1, 1, 'IMP', 5, 7, TO_DATE('2008-07-17', 'YYYY-MM-DD'), TO_DATE('2014-01-28', 'YYYY-MM-DD'), 'N');
INSERT INTO OFFENDER_SENT_CALCULATIONS (OFFENDER_SENT_CALCULATION_ID, OFFENDER_BOOK_ID, CALCULATION_DATE, APD_CALCULATED_DATE,  CRD_CALCULATED_DATE, SED_CALCULATED_DATE, CALC_REASON_CODE) VALUES (-56, -56, TO_DATE('2008-07-17', 'YYYY-MM-DD'), TO_DATE('2009-01-13', 'YYYY-MM-DD'),  TO_DATE('2009-07-12', 'YYYY-MM-DD'), TO_DATE('2009-12-19', 'YYYY-MM-DD'), 'NEW');
INSERT INTO OFFENDER_RELEASE_DETAILS (OFFENDER_BOOK_ID, RELEASE_DATE, COMMENT_TEXT, MOVEMENT_TYPE, MOVEMENT_REASON_CODE, EVENT_ID) VALUES (-56, TO_DATE('2018-01-27', 'YYYY-MM-DD'), null, 'REL', 'DD', 1);

INSERT INTO OFFENDER_IEP_LEVELS (OFFENDER_BOOK_ID, IEP_LEVEL_SEQ, IEP_DATE, IEP_TIME, AGY_LOC_ID, IEP_LEVEL, COMMENT_TEXT, USER_ID) VALUES (-57, 1, TO_DATE('2001-02-27', 'YYYY-MM-DD'), TO_DATE('2001-02-27 12:41:12', 'YYYY-MM-DD HH24:MI:SS'), 'AG3', 'BAS', 'Assaulted Another Inmate', 'OFFICER1');
INSERT INTO OFFENDER_SENTENCE_TERMS (OFFENDER_BOOK_ID, SENTENCE_SEQ, TERM_SEQ, SENTENCE_TERM_CODE, YEARS, MONTHS, START_DATE, END_DATE, LIFE_SENTENCE_FLAG) VALUES (-57, 1, 1, 'IMP', 5, 8, TO_DATE('2008-07-22', 'YYYY-MM-DD'), TO_DATE('2014-03-02', 'YYYY-MM-DD'), 'N');
INSERT INTO OFFENDER_SENT_CALCULATIONS (OFFENDER_SENT_CALCULATION_ID, OFFENDER_BOOK_ID, CALCULATION_DATE, APD_CALCULATED_DATE,  CRD_CALCULATED_DATE, SED_CALCULATED_DATE, CALC_REASON_CODE) VALUES (-57, -57, TO_DATE('2008-07-22', 'YYYY-MM-DD'), TO_DATE('2009-01-18', 'YYYY-MM-DD'),  TO_DATE('2009-07-17', 'YYYY-MM-DD'), TO_DATE('2009-12-24', 'YYYY-MM-DD'), 'NEW');
INSERT INTO OFFENDER_RELEASE_DETAILS (OFFENDER_BOOK_ID, RELEASE_DATE, COMMENT_TEXT, MOVEMENT_TYPE, MOVEMENT_REASON_CODE, EVENT_ID) VALUES (-57, TO_DATE('2018-03-01', 'YYYY-MM-DD'), null, 'REL', 'DD', 1);

INSERT INTO OFFENDER_IEP_LEVELS (OFFENDER_BOOK_ID, IEP_LEVEL_SEQ, IEP_DATE, IEP_TIME, AGY_LOC_ID, IEP_LEVEL, COMMENT_TEXT, USER_ID) VALUES (-58, 1, TO_DATE('2001-03-06', 'YYYY-MM-DD'), TO_DATE('2001-03-06 12:41:12', 'YYYY-MM-DD HH24:MI:SS'), 'AG3', 'BAS', 'Assaulted Another Inmate', 'OFFICER1');
INSERT INTO OFFENDER_SENTENCE_TERMS (OFFENDER_BOOK_ID, SENTENCE_SEQ, TERM_SEQ, SENTENCE_TERM_CODE, YEARS, MONTHS, START_DATE, END_DATE, LIFE_SENTENCE_FLAG) VALUES (-58, 1, 1, 'IMP', 5, 9, TO_DATE('2008-07-27', 'YYYY-MM-DD'), TO_DATE('2014-04-04', 'YYYY-MM-DD'), 'N');
INSERT INTO OFFENDER_SENT_CALCULATIONS (OFFENDER_SENT_CALCULATION_ID, OFFENDER_BOOK_ID, CALCULATION_DATE, APD_CALCULATED_DATE,  CRD_CALCULATED_DATE, SED_CALCULATED_DATE, CALC_REASON_CODE) VALUES (-58, -58, TO_DATE('2008-07-27', 'YYYY-MM-DD'), TO_DATE('2009-01-23', 'YYYY-MM-DD'),  TO_DATE('2009-07-22', 'YYYY-MM-DD'), TO_DATE('2009-12-29', 'YYYY-MM-DD'), 'NEW');
INSERT INTO OFFENDER_RELEASE_DETAILS (OFFENDER_BOOK_ID, RELEASE_DATE, COMMENT_TEXT, MOVEMENT_TYPE, MOVEMENT_REASON_CODE, EVENT_ID) VALUES (-58, TO_DATE('2018-04-03', 'YYYY-MM-DD'), null, 'REL', 'DD', 1);

INSERT INTO OFFENDER_IEP_LEVELS (OFFENDER_BOOK_ID, IEP_LEVEL_SEQ, IEP_DATE, IEP_TIME, AGY_LOC_ID, IEP_LEVEL, COMMENT_TEXT, USER_ID) VALUES (-59, 1, TO_DATE('2001-03-13', 'YYYY-MM-DD'), TO_DATE('2001-03-13 12:41:12', 'YYYY-MM-DD HH24:MI:SS'), 'AG3', 'BAS', 'Assaulted Another Inmate', 'OFFICER1');
INSERT INTO OFFENDER_SENTENCE_TERMS (OFFENDER_BOOK_ID, SENTENCE_SEQ, TERM_SEQ, SENTENCE_TERM_CODE, YEARS, MONTHS, START_DATE, END_DATE, LIFE_SENTENCE_FLAG) VALUES (-59, 1, 1, 'IMP', 5, 10, TO_DATE('2008-08-01', 'YYYY-MM-DD'), TO_DATE('2014-05-07', 'YYYY-MM-DD'), 'N');
INSERT INTO OFFENDER_SENT_CALCULATIONS (OFFENDER_SENT_CALCULATION_ID, OFFENDER_BOOK_ID, CALCULATION_DATE, APD_CALCULATED_DATE,  CRD_CALCULATED_DATE, SED_CALCULATED_DATE, CALC_REASON_CODE) VALUES (-59, -59, TO_DATE('2008-08-01', 'YYYY-MM-DD'), TO_DATE('2009-01-28', 'YYYY-MM-DD'),  TO_DATE('2009-07-27', 'YYYY-MM-DD'), TO_DATE('2010-01-03', 'YYYY-MM-DD'), 'NEW');
INSERT INTO OFFENDER_RELEASE_DETAILS (OFFENDER_BOOK_ID, RELEASE_DATE, COMMENT_TEXT, MOVEMENT_TYPE, MOVEMENT_REASON_CODE, EVENT_ID) VALUES (-59, TO_DATE('2018-05-06', 'YYYY-MM-DD'), null, 'REL', 'DD', 1);

INSERT INTO OFFENDER_IEP_LEVELS (OFFENDER_BOOK_ID, IEP_LEVEL_SEQ, IEP_DATE, IEP_TIME, AGY_LOC_ID, IEP_LEVEL, COMMENT_TEXT, USER_ID) VALUES (-60, 1, TO_DATE('2001-03-20', 'YYYY-MM-DD'), TO_DATE('2001-03-20 12:41:12', 'YYYY-MM-DD HH24:MI:SS'), 'AG3', 'BAS', 'Assaulted Another Inmate', 'OFFICER1');
INSERT INTO OFFENDER_SENTENCE_TERMS (OFFENDER_BOOK_ID, SENTENCE_SEQ, TERM_SEQ, SENTENCE_TERM_CODE, YEARS, MONTHS, START_DATE, END_DATE, LIFE_SENTENCE_FLAG) VALUES (-60, 1, 1, 'IMP', 5, 11, TO_DATE('2008-08-06', 'YYYY-MM-DD'), TO_DATE('2014-06-09', 'YYYY-MM-DD'), 'N');
INSERT INTO OFFENDER_SENT_CALCULATIONS (OFFENDER_SENT_CALCULATION_ID, OFFENDER_BOOK_ID, CALCULATION_DATE, APD_CALCULATED_DATE,  CRD_CALCULATED_DATE, SED_CALCULATED_DATE, CALC_REASON_CODE) VALUES (-60, -60, TO_DATE('2008-08-06', 'YYYY-MM-DD'), TO_DATE('2009-02-02', 'YYYY-MM-DD'),  TO_DATE('2009-08-01', 'YYYY-MM-DD'), TO_DATE('2010-01-08', 'YYYY-MM-DD'), 'NEW');
INSERT INTO OFFENDER_RELEASE_DETAILS (OFFENDER_BOOK_ID, RELEASE_DATE, COMMENT_TEXT, MOVEMENT_TYPE, MOVEMENT_REASON_CODE, EVENT_ID) VALUES (-60, TO_DATE('2018-06-08', 'YYYY-MM-DD'), null, 'REL', 'DD', 1);

INSERT INTO OFFENDER_IEP_LEVELS (OFFENDER_BOOK_ID, IEP_LEVEL_SEQ, IEP_DATE, IEP_TIME, AGY_LOC_ID, IEP_LEVEL, COMMENT_TEXT, USER_ID) VALUES (-61, 1, TO_DATE('2001-03-27', 'YYYY-MM-DD'), TO_DATE('2001-03-27 12:41:12', 'YYYY-MM-DD HH24:MI:SS'), 'AG3', 'BAS', 'Assaulted Another Inmate', 'OFFICER1');
INSERT INTO OFFENDER_SENTENCE_TERMS (OFFENDER_BOOK_ID, SENTENCE_SEQ, TERM_SEQ, SENTENCE_TERM_CODE, YEARS, MONTHS, START_DATE, END_DATE, LIFE_SENTENCE_FLAG) VALUES (-61, 1, 1, 'IMP', 6, 0, TO_DATE('2008-08-11', 'YYYY-MM-DD'), TO_DATE('2014-08-10', 'YYYY-MM-DD'), 'N');
INSERT INTO OFFENDER_SENT_CALCULATIONS (OFFENDER_SENT_CALCULATION_ID, OFFENDER_BOOK_ID, CALCULATION_DATE, APD_CALCULATED_DATE,  CRD_CALCULATED_DATE, SED_CALCULATED_DATE, CALC_REASON_CODE) VALUES (-61, -61, TO_DATE('2008-08-11', 'YYYY-MM-DD'), TO_DATE('2009-02-07', 'YYYY-MM-DD'),  TO_DATE('2009-08-06', 'YYYY-MM-DD'), TO_DATE('2010-01-13', 'YYYY-MM-DD'), 'NEW');
INSERT INTO OFFENDER_RELEASE_DETAILS (OFFENDER_BOOK_ID, RELEASE_DATE, COMMENT_TEXT, MOVEMENT_TYPE, MOVEMENT_REASON_CODE, EVENT_ID) VALUES (-61, TO_DATE('2018-08-09', 'YYYY-MM-DD'), null, 'REL', 'DD', 1);

INSERT INTO OFFENDER_IEP_LEVELS (OFFENDER_BOOK_ID, IEP_LEVEL_SEQ, IEP_DATE, IEP_TIME, AGY_LOC_ID, IEP_LEVEL, COMMENT_TEXT, USER_ID) VALUES (-62, 1, TO_DATE('2001-04-03', 'YYYY-MM-DD'), TO_DATE('2001-04-03 12:41:12', 'YYYY-MM-DD HH24:MI:SS'), 'AG3', 'BAS', 'Assaulted Another Inmate', 'OFFICER1');
INSERT INTO OFFENDER_SENTENCE_TERMS (OFFENDER_BOOK_ID, SENTENCE_SEQ, TERM_SEQ, SENTENCE_TERM_CODE, YEARS, MONTHS, START_DATE, END_DATE, LIFE_SENTENCE_FLAG) VALUES (-62, 1, 1, 'IMP', 6, 1, TO_DATE('2008-08-16', 'YYYY-MM-DD'), TO_DATE('2014-09-12', 'YYYY-MM-DD'), 'N');
INSERT INTO OFFENDER_SENT_CALCULATIONS (OFFENDER_SENT_CALCULATION_ID, OFFENDER_BOOK_ID, CALCULATION_DATE, APD_CALCULATED_DATE,  CRD_CALCULATED_DATE, SED_CALCULATED_DATE, CALC_REASON_CODE) VALUES (-62, -62, TO_DATE('2008-08-16', 'YYYY-MM-DD'), TO_DATE('2009-02-12', 'YYYY-MM-DD'),  TO_DATE('2009-08-11', 'YYYY-MM-DD'), TO_DATE('2010-01-18', 'YYYY-MM-DD'), 'NEW');
INSERT INTO OFFENDER_RELEASE_DETAILS (OFFENDER_BOOK_ID, RELEASE_DATE, COMMENT_TEXT, MOVEMENT_TYPE, MOVEMENT_REASON_CODE, EVENT_ID) VALUES (-62, TO_DATE('2018-09-11', 'YYYY-MM-DD'), null, 'REL', 'DD', 1);

INSERT INTO OFFENDER_IEP_LEVELS (OFFENDER_BOOK_ID, IEP_LEVEL_SEQ, IEP_DATE, IEP_TIME, AGY_LOC_ID, IEP_LEVEL, COMMENT_TEXT, USER_ID) VALUES (-63, 1, TO_DATE('2001-04-10', 'YYYY-MM-DD'), TO_DATE('2001-04-10 12:41:12', 'YYYY-MM-DD HH24:MI:SS'), 'AG3', 'BAS', 'Assaulted Another Inmate', 'OFFICER1');
INSERT INTO OFFENDER_SENTENCE_TERMS (OFFENDER_BOOK_ID, SENTENCE_SEQ, TERM_SEQ, SENTENCE_TERM_CODE, YEARS, MONTHS, START_DATE, END_DATE, LIFE_SENTENCE_FLAG) VALUES (-63, 1, 1, 'IMP', 6, 2, TO_DATE('2008-08-21', 'YYYY-MM-DD'), TO_DATE('2014-10-15', 'YYYY-MM-DD'), 'N');
INSERT INTO OFFENDER_SENT_CALCULATIONS (OFFENDER_SENT_CALCULATION_ID, OFFENDER_BOOK_ID, CALCULATION_DATE, APD_CALCULATED_DATE,  CRD_CALCULATED_DATE, SED_CALCULATED_DATE, CALC_REASON_CODE) VALUES (-63, -63, TO_DATE('2008-08-21', 'YYYY-MM-DD'), TO_DATE('2009-02-17', 'YYYY-MM-DD'),  TO_DATE('2009-08-16', 'YYYY-MM-DD'), TO_DATE('2010-01-23', 'YYYY-MM-DD'), 'NEW');
INSERT INTO OFFENDER_RELEASE_DETAILS (OFFENDER_BOOK_ID, RELEASE_DATE, COMMENT_TEXT, MOVEMENT_TYPE, MOVEMENT_REASON_CODE, EVENT_ID) VALUES (-63, TO_DATE('2018-10-14', 'YYYY-MM-DD'), null, 'REL', 'DD', 1);

INSERT INTO OFFENDER_IEP_LEVELS (OFFENDER_BOOK_ID, IEP_LEVEL_SEQ, IEP_DATE, IEP_TIME, AGY_LOC_ID, IEP_LEVEL, COMMENT_TEXT, USER_ID) VALUES (-64, 1, TO_DATE('2001-04-17', 'YYYY-MM-DD'), TO_DATE('2001-04-17 12:41:12', 'YYYY-MM-DD HH24:MI:SS'), 'AG3', 'BAS', 'Assaulted Another Inmate', 'OFFICER1');
INSERT INTO OFFENDER_SENTENCE_TERMS (OFFENDER_BOOK_ID, SENTENCE_SEQ, TERM_SEQ, SENTENCE_TERM_CODE, YEARS, MONTHS, START_DATE, END_DATE, LIFE_SENTENCE_FLAG) VALUES (-64, 1, 1, 'IMP', 6, 3, TO_DATE('2008-08-26', 'YYYY-MM-DD'), TO_DATE('2014-11-17', 'YYYY-MM-DD'), 'N');
INSERT INTO OFFENDER_SENT_CALCULATIONS (OFFENDER_SENT_CALCULATION_ID, OFFENDER_BOOK_ID, CALCULATION_DATE, APD_CALCULATED_DATE,  CRD_CALCULATED_DATE, SED_CALCULATED_DATE, CALC_REASON_CODE) VALUES (-64, -64, TO_DATE('2008-08-26', 'YYYY-MM-DD'), TO_DATE('2009-02-22', 'YYYY-MM-DD'),  TO_DATE('2009-08-21', 'YYYY-MM-DD'), TO_DATE('2010-01-28', 'YYYY-MM-DD'), 'NEW');
INSERT INTO OFFENDER_RELEASE_DETAILS (OFFENDER_BOOK_ID, RELEASE_DATE, COMMENT_TEXT, MOVEMENT_TYPE, MOVEMENT_REASON_CODE, EVENT_ID) VALUES (-64, TO_DATE('2018-11-16', 'YYYY-MM-DD'), null, 'REL', 'DD', 1);

INSERT INTO OFFENDER_IEP_LEVELS (OFFENDER_BOOK_ID, IEP_LEVEL_SEQ, IEP_DATE, IEP_TIME, AGY_LOC_ID, IEP_LEVEL, COMMENT_TEXT, USER_ID) VALUES (-65, 1, TO_DATE('2001-04-24', 'YYYY-MM-DD'), TO_DATE('2001-04-24 12:41:12', 'YYYY-MM-DD HH24:MI:SS'), 'AG3', 'BAS', 'Assaulted Another Inmate', 'OFFICER1');
INSERT INTO OFFENDER_SENTENCE_TERMS (OFFENDER_BOOK_ID, SENTENCE_SEQ, TERM_SEQ, SENTENCE_TERM_CODE, YEARS, MONTHS, START_DATE, END_DATE, LIFE_SENTENCE_FLAG) VALUES (-65, 1, 1, 'IMP', 6, 4, TO_DATE('2008-08-31', 'YYYY-MM-DD'), TO_DATE('2014-12-20', 'YYYY-MM-DD'), 'N');
INSERT INTO OFFENDER_SENT_CALCULATIONS (OFFENDER_SENT_CALCULATION_ID, OFFENDER_BOOK_ID, CALCULATION_DATE, APD_CALCULATED_DATE,  CRD_CALCULATED_DATE, SED_CALCULATED_DATE, CALC_REASON_CODE) VALUES (-65, -65, TO_DATE('2008-08-31', 'YYYY-MM-DD'), TO_DATE('2009-02-27', 'YYYY-MM-DD'),  TO_DATE('2009-08-26', 'YYYY-MM-DD'), TO_DATE('2010-02-02', 'YYYY-MM-DD'), 'NEW');
INSERT INTO OFFENDER_RELEASE_DETAILS (OFFENDER_BOOK_ID, RELEASE_DATE, COMMENT_TEXT, MOVEMENT_TYPE, MOVEMENT_REASON_CODE, EVENT_ID) VALUES (-65, TO_DATE('2018-12-19', 'YYYY-MM-DD'), null, 'REL', 'DD', 1);

INSERT INTO OFFENDER_IEP_LEVELS (OFFENDER_BOOK_ID, IEP_LEVEL_SEQ, IEP_DATE, IEP_TIME, AGY_LOC_ID, IEP_LEVEL, COMMENT_TEXT, USER_ID) VALUES (-66, 1, TO_DATE('2001-05-01', 'YYYY-MM-DD'), TO_DATE('2001-05-01 12:41:12', 'YYYY-MM-DD HH24:MI:SS'), 'AG3', 'BAS', 'Assaulted Another Inmate', 'OFFICER1');
INSERT INTO OFFENDER_SENTENCE_TERMS (OFFENDER_BOOK_ID, SENTENCE_SEQ, TERM_SEQ, SENTENCE_TERM_CODE, YEARS, MONTHS, START_DATE, END_DATE, LIFE_SENTENCE_FLAG) VALUES (-66, 1, 1, 'IMP', 6, 5, TO_DATE('2008-09-05', 'YYYY-MM-DD'), TO_DATE('2015-01-22', 'YYYY-MM-DD'), 'N');
INSERT INTO OFFENDER_SENT_CALCULATIONS (OFFENDER_SENT_CALCULATION_ID, OFFENDER_BOOK_ID, CALCULATION_DATE, APD_CALCULATED_DATE,  CRD_CALCULATED_DATE, SED_CALCULATED_DATE, CALC_REASON_CODE) VALUES (-66, -66, TO_DATE('2008-09-05', 'YYYY-MM-DD'), TO_DATE('2009-03-04', 'YYYY-MM-DD'),  TO_DATE('2009-08-31', 'YYYY-MM-DD'), TO_DATE('2010-02-07', 'YYYY-MM-DD'), 'NEW');
INSERT INTO OFFENDER_RELEASE_DETAILS (OFFENDER_BOOK_ID, RELEASE_DATE, COMMENT_TEXT, MOVEMENT_TYPE, MOVEMENT_REASON_CODE, EVENT_ID) VALUES (-66, TO_DATE('2019-01-21', 'YYYY-MM-DD'), null, 'REL', 'DD', 1);

INSERT INTO OFFENDER_IEP_LEVELS (OFFENDER_BOOK_ID, IEP_LEVEL_SEQ, IEP_DATE, IEP_TIME, AGY_LOC_ID, IEP_LEVEL, COMMENT_TEXT, USER_ID) VALUES (-67, 1, TO_DATE('2001-05-08', 'YYYY-MM-DD'), TO_DATE('2001-05-08 12:41:12', 'YYYY-MM-DD HH24:MI:SS'), 'AG3', 'BAS', 'Assaulted Another Inmate', 'OFFICER1');
INSERT INTO OFFENDER_SENTENCE_TERMS (OFFENDER_BOOK_ID, SENTENCE_SEQ, TERM_SEQ, SENTENCE_TERM_CODE, YEARS, MONTHS, START_DATE, END_DATE, LIFE_SENTENCE_FLAG) VALUES (-67, 1, 1, 'IMP', 6, 6, TO_DATE('2008-09-10', 'YYYY-MM-DD'), TO_DATE('2015-02-24', 'YYYY-MM-DD'), 'N');
INSERT INTO OFFENDER_SENT_CALCULATIONS (OFFENDER_SENT_CALCULATION_ID, OFFENDER_BOOK_ID, CALCULATION_DATE, APD_CALCULATED_DATE,  CRD_CALCULATED_DATE, SED_CALCULATED_DATE, CALC_REASON_CODE) VALUES (-67, -67, TO_DATE('2008-09-10', 'YYYY-MM-DD'), TO_DATE('2009-03-09', 'YYYY-MM-DD'),  TO_DATE('2009-09-05', 'YYYY-MM-DD'), TO_DATE('2010-02-12', 'YYYY-MM-DD'), 'NEW');
INSERT INTO OFFENDER_RELEASE_DETAILS (OFFENDER_BOOK_ID, RELEASE_DATE, COMMENT_TEXT, MOVEMENT_TYPE, MOVEMENT_REASON_CODE, EVENT_ID) VALUES (-67, TO_DATE('2019-02-23', 'YYYY-MM-DD'), null, 'REL', 'DD', 1);

INSERT INTO OFFENDER_IEP_LEVELS (OFFENDER_BOOK_ID, IEP_LEVEL_SEQ, IEP_DATE, IEP_TIME, AGY_LOC_ID, IEP_LEVEL, COMMENT_TEXT, USER_ID) VALUES (-68, 1, TO_DATE('2001-05-15', 'YYYY-MM-DD'), TO_DATE('2001-05-15 12:41:12', 'YYYY-MM-DD HH24:MI:SS'), 'AG3', 'BAS', 'Assaulted Another Inmate', 'OFFICER1');
INSERT INTO OFFENDER_SENTENCE_TERMS (OFFENDER_BOOK_ID, SENTENCE_SEQ, TERM_SEQ, SENTENCE_TERM_CODE, YEARS, MONTHS, START_DATE, END_DATE, LIFE_SENTENCE_FLAG) VALUES (-68, 1, 1, 'IMP', 6, 7, TO_DATE('2008-09-15', 'YYYY-MM-DD'), TO_DATE('2015-03-29', 'YYYY-MM-DD'), 'N');
INSERT INTO OFFENDER_SENT_CALCULATIONS (OFFENDER_SENT_CALCULATION_ID, OFFENDER_BOOK_ID, CALCULATION_DATE, APD_CALCULATED_DATE,  CRD_CALCULATED_DATE, SED_CALCULATED_DATE, CALC_REASON_CODE) VALUES (-68, -68, TO_DATE('2008-09-15', 'YYYY-MM-DD'), TO_DATE('2009-03-14', 'YYYY-MM-DD'),  TO_DATE('2009-09-10', 'YYYY-MM-DD'), TO_DATE('2010-02-17', 'YYYY-MM-DD'), 'NEW');
INSERT INTO OFFENDER_RELEASE_DETAILS (OFFENDER_BOOK_ID, RELEASE_DATE, COMMENT_TEXT, MOVEMENT_TYPE, MOVEMENT_REASON_CODE, EVENT_ID) VALUES (-68, TO_DATE('2019-03-28', 'YYYY-MM-DD'), null, 'REL', 'DD', 1);

INSERT INTO OFFENDER_IEP_LEVELS (OFFENDER_BOOK_ID, IEP_LEVEL_SEQ, IEP_DATE, IEP_TIME, AGY_LOC_ID, IEP_LEVEL, COMMENT_TEXT, USER_ID) VALUES (-69, 1, TO_DATE('2001-05-22', 'YYYY-MM-DD'), TO_DATE('2001-05-22 12:41:12', 'YYYY-MM-DD HH24:MI:SS'), 'AG3', 'BAS', 'Assaulted Another Inmate', 'OFFICER1');
INSERT INTO OFFENDER_SENTENCE_TERMS (OFFENDER_BOOK_ID, SENTENCE_SEQ, TERM_SEQ, SENTENCE_TERM_CODE, YEARS, MONTHS, START_DATE, END_DATE, LIFE_SENTENCE_FLAG) VALUES (-69, 1, 1, 'IMP', 6, 8, TO_DATE('2008-09-20', 'YYYY-MM-DD'), TO_DATE('2015-05-01', 'YYYY-MM-DD'), 'N');
INSERT INTO OFFENDER_SENT_CALCULATIONS (OFFENDER_SENT_CALCULATION_ID, OFFENDER_BOOK_ID, CALCULATION_DATE, APD_CALCULATED_DATE,  CRD_CALCULATED_DATE, SED_CALCULATED_DATE, CALC_REASON_CODE) VALUES (-69, -69, TO_DATE('2008-09-20', 'YYYY-MM-DD'), TO_DATE('2009-03-19', 'YYYY-MM-DD'),  TO_DATE('2009-09-15', 'YYYY-MM-DD'), TO_DATE('2010-02-22', 'YYYY-MM-DD'), 'NEW');
INSERT INTO OFFENDER_RELEASE_DETAILS (OFFENDER_BOOK_ID, RELEASE_DATE, COMMENT_TEXT, MOVEMENT_TYPE, MOVEMENT_REASON_CODE, EVENT_ID) VALUES (-69, TO_DATE('2019-04-30', 'YYYY-MM-DD'), null, 'REL', 'DD', 1);

INSERT INTO OFFENDER_IEP_LEVELS (OFFENDER_BOOK_ID, IEP_LEVEL_SEQ, IEP_DATE, IEP_TIME, AGY_LOC_ID, IEP_LEVEL, COMMENT_TEXT, USER_ID) VALUES (-70, 1, TO_DATE('2001-05-29', 'YYYY-MM-DD'), TO_DATE('2001-05-29 12:41:12', 'YYYY-MM-DD HH24:MI:SS'), 'AG3', 'BAS', 'Assaulted Another Inmate', 'OFFICER1');
INSERT INTO OFFENDER_SENTENCE_TERMS (OFFENDER_BOOK_ID, SENTENCE_SEQ, TERM_SEQ, SENTENCE_TERM_CODE, YEARS, MONTHS, START_DATE, END_DATE, LIFE_SENTENCE_FLAG) VALUES (-70, 1, 1, 'IMP', 6, 9, TO_DATE('2008-09-25', 'YYYY-MM-DD'), TO_DATE('2015-06-03', 'YYYY-MM-DD'), 'N');
INSERT INTO OFFENDER_SENT_CALCULATIONS (OFFENDER_SENT_CALCULATION_ID, OFFENDER_BOOK_ID, CALCULATION_DATE, APD_CALCULATED_DATE,  CRD_CALCULATED_DATE, SED_CALCULATED_DATE, CALC_REASON_CODE) VALUES (-70, -70, TO_DATE('2008-09-25', 'YYYY-MM-DD'), TO_DATE('2009-03-24', 'YYYY-MM-DD'),  TO_DATE('2009-09-20', 'YYYY-MM-DD'), TO_DATE('2010-02-27', 'YYYY-MM-DD'), 'NEW');
INSERT INTO OFFENDER_RELEASE_DETAILS (OFFENDER_BOOK_ID, RELEASE_DATE, COMMENT_TEXT, MOVEMENT_TYPE, MOVEMENT_REASON_CODE, EVENT_ID) VALUES (-70, TO_DATE('2019-06-02', 'YYYY-MM-DD'), null, 'REL', 'DD', 1);

INSERT INTO OFFENDER_IEP_LEVELS (OFFENDER_BOOK_ID, IEP_LEVEL_SEQ, IEP_DATE, IEP_TIME, AGY_LOC_ID, IEP_LEVEL, COMMENT_TEXT, USER_ID) VALUES (-71, 1, TO_DATE('2001-06-05', 'YYYY-MM-DD'), TO_DATE('2001-06-05 12:41:12', 'YYYY-MM-DD HH24:MI:SS'), 'AG4', 'BAS', 'Assaulted Another Inmate', 'OFFICER1');
INSERT INTO OFFENDER_SENTENCE_TERMS (OFFENDER_BOOK_ID, SENTENCE_SEQ, TERM_SEQ, SENTENCE_TERM_CODE, YEARS, MONTHS, START_DATE, END_DATE, LIFE_SENTENCE_FLAG) VALUES (-71, 1, 1, 'IMP', 6, 10, TO_DATE('2008-09-30', 'YYYY-MM-DD'), TO_DATE('2015-07-06', 'YYYY-MM-DD'), 'N');
INSERT INTO OFFENDER_SENT_CALCULATIONS (OFFENDER_SENT_CALCULATION_ID, OFFENDER_BOOK_ID, CALCULATION_DATE, APD_CALCULATED_DATE,  CRD_CALCULATED_DATE, SED_CALCULATED_DATE, CALC_REASON_CODE) VALUES (-71, -71, TO_DATE('2008-09-30', 'YYYY-MM-DD'), TO_DATE('2009-03-29', 'YYYY-MM-DD'),  TO_DATE('2009-09-25', 'YYYY-MM-DD'), TO_DATE('2010-03-04', 'YYYY-MM-DD'), 'NEW');
INSERT INTO OFFENDER_RELEASE_DETAILS (OFFENDER_BOOK_ID, RELEASE_DATE, COMMENT_TEXT, MOVEMENT_TYPE, MOVEMENT_REASON_CODE, EVENT_ID) VALUES (-71, TO_DATE('2019-07-05', 'YYYY-MM-DD'), null, 'REL', 'DD', 1);

INSERT INTO OFFENDER_IEP_LEVELS (OFFENDER_BOOK_ID, IEP_LEVEL_SEQ, IEP_DATE, IEP_TIME, AGY_LOC_ID, IEP_LEVEL, COMMENT_TEXT, USER_ID) VALUES (-72, 1, TO_DATE('2001-06-12', 'YYYY-MM-DD'), TO_DATE('2001-06-12 12:41:12', 'YYYY-MM-DD HH24:MI:SS'), 'AG4', 'BAS', 'Assaulted Another Inmate', 'OFFICER1');
INSERT INTO OFFENDER_SENTENCE_TERMS (OFFENDER_BOOK_ID, SENTENCE_SEQ, TERM_SEQ, SENTENCE_TERM_CODE, YEARS, MONTHS, START_DATE, END_DATE, LIFE_SENTENCE_FLAG) VALUES (-72, 1, 1, 'IMP', 6, 11, TO_DATE('2008-10-05', 'YYYY-MM-DD'), TO_DATE('2015-08-08', 'YYYY-MM-DD'), 'N');
INSERT INTO OFFENDER_SENT_CALCULATIONS (OFFENDER_SENT_CALCULATION_ID, OFFENDER_BOOK_ID, CALCULATION_DATE, APD_CALCULATED_DATE,  CRD_CALCULATED_DATE, SED_CALCULATED_DATE, CALC_REASON_CODE) VALUES (-72, -72, TO_DATE('2008-10-05', 'YYYY-MM-DD'), TO_DATE('2009-04-03', 'YYYY-MM-DD'),  TO_DATE('2009-09-30', 'YYYY-MM-DD'), TO_DATE('2010-03-09', 'YYYY-MM-DD'), 'NEW');
INSERT INTO OFFENDER_RELEASE_DETAILS (OFFENDER_BOOK_ID, RELEASE_DATE, COMMENT_TEXT, MOVEMENT_TYPE, MOVEMENT_REASON_CODE, EVENT_ID) VALUES (-72, TO_DATE('2019-08-07', 'YYYY-MM-DD'), null, 'REL', 'DD', 1);

INSERT INTO OFFENDER_IEP_LEVELS (OFFENDER_BOOK_ID, IEP_LEVEL_SEQ, IEP_DATE, IEP_TIME, AGY_LOC_ID, IEP_LEVEL, COMMENT_TEXT, USER_ID) VALUES (-73, 1, TO_DATE('2001-06-19', 'YYYY-MM-DD'), TO_DATE('2001-06-19 12:41:12', 'YYYY-MM-DD HH24:MI:SS'), 'AG4', 'BAS', 'Assaulted Another Inmate', 'OFFICER1');
INSERT INTO OFFENDER_SENTENCE_TERMS (OFFENDER_BOOK_ID, SENTENCE_SEQ, TERM_SEQ, SENTENCE_TERM_CODE, YEARS, MONTHS, START_DATE, END_DATE, LIFE_SENTENCE_FLAG) VALUES (-73, 1, 1, 'IMP', 7, 0, TO_DATE('2008-10-10', 'YYYY-MM-DD'), TO_DATE('2015-10-09', 'YYYY-MM-DD'), 'N');
INSERT INTO OFFENDER_SENT_CALCULATIONS (OFFENDER_SENT_CALCULATION_ID, OFFENDER_BOOK_ID, CALCULATION_DATE, APD_CALCULATED_DATE,  CRD_CALCULATED_DATE, SED_CALCULATED_DATE, CALC_REASON_CODE) VALUES (-73, -73, TO_DATE('2008-10-10', 'YYYY-MM-DD'), TO_DATE('2009-04-08', 'YYYY-MM-DD'),  TO_DATE('2009-10-05', 'YYYY-MM-DD'), TO_DATE('2010-03-14', 'YYYY-MM-DD'), 'NEW');
INSERT INTO OFFENDER_RELEASE_DETAILS (OFFENDER_BOOK_ID, RELEASE_DATE, COMMENT_TEXT, MOVEMENT_TYPE, MOVEMENT_REASON_CODE, EVENT_ID) VALUES (-73, TO_DATE('2019-10-08', 'YYYY-MM-DD'), null, 'REL', 'DD', 1);

INSERT INTO OFFENDER_IEP_LEVELS (OFFENDER_BOOK_ID, IEP_LEVEL_SEQ, IEP_DATE, IEP_TIME, AGY_LOC_ID, IEP_LEVEL, COMMENT_TEXT, USER_ID) VALUES (-74, 1, TO_DATE('2001-06-26', 'YYYY-MM-DD'), TO_DATE('2001-06-26 12:41:12', 'YYYY-MM-DD HH24:MI:SS'), 'AG4', 'BAS', 'Assaulted Another Inmate', 'OFFICER1');
INSERT INTO OFFENDER_SENTENCE_TERMS (OFFENDER_BOOK_ID, SENTENCE_SEQ, TERM_SEQ, SENTENCE_TERM_CODE, YEARS, MONTHS, START_DATE, END_DATE, LIFE_SENTENCE_FLAG) VALUES (-74, 1, 1, 'IMP', 7, 1, TO_DATE('2008-10-15', 'YYYY-MM-DD'), TO_DATE('2015-11-11', 'YYYY-MM-DD'), 'N');
INSERT INTO OFFENDER_SENT_CALCULATIONS (OFFENDER_SENT_CALCULATION_ID, OFFENDER_BOOK_ID, CALCULATION_DATE, APD_CALCULATED_DATE,  CRD_CALCULATED_DATE, SED_CALCULATED_DATE, CALC_REASON_CODE) VALUES (-74, -74, TO_DATE('2008-10-15', 'YYYY-MM-DD'), TO_DATE('2009-04-13', 'YYYY-MM-DD'),  TO_DATE('2009-10-10', 'YYYY-MM-DD'), TO_DATE('2010-03-19', 'YYYY-MM-DD'), 'NEW');
INSERT INTO OFFENDER_RELEASE_DETAILS (OFFENDER_BOOK_ID, RELEASE_DATE, COMMENT_TEXT, MOVEMENT_TYPE, MOVEMENT_REASON_CODE, EVENT_ID) VALUES (-74, TO_DATE('2019-11-10', 'YYYY-MM-DD'), null, 'REL', 'DD', 1);

INSERT INTO OFFENDER_IEP_LEVELS (OFFENDER_BOOK_ID, IEP_LEVEL_SEQ, IEP_DATE, IEP_TIME, AGY_LOC_ID, IEP_LEVEL, COMMENT_TEXT, USER_ID) VALUES (-75, 1, TO_DATE('2001-07-03', 'YYYY-MM-DD'), TO_DATE('2001-07-03 12:41:12', 'YYYY-MM-DD HH24:MI:SS'), 'AG4', 'BAS', 'Assaulted Another Inmate', 'OFFICER1');
INSERT INTO OFFENDER_SENTENCE_TERMS (OFFENDER_BOOK_ID, SENTENCE_SEQ, TERM_SEQ, SENTENCE_TERM_CODE, YEARS, MONTHS, START_DATE, END_DATE, LIFE_SENTENCE_FLAG) VALUES (-75, 1, 1, 'IMP', 7, 2, TO_DATE('2008-10-20', 'YYYY-MM-DD'), TO_DATE('2015-12-14', 'YYYY-MM-DD'), 'N');
INSERT INTO OFFENDER_SENT_CALCULATIONS (OFFENDER_SENT_CALCULATION_ID, OFFENDER_BOOK_ID, CALCULATION_DATE, APD_CALCULATED_DATE,  CRD_CALCULATED_DATE, SED_CALCULATED_DATE, CALC_REASON_CODE) VALUES (-75, -75, TO_DATE('2008-10-20', 'YYYY-MM-DD'), TO_DATE('2009-04-18', 'YYYY-MM-DD'),  TO_DATE('2009-10-15', 'YYYY-MM-DD'), TO_DATE('2010-03-24', 'YYYY-MM-DD'), 'NEW');
INSERT INTO OFFENDER_RELEASE_DETAILS (OFFENDER_BOOK_ID, RELEASE_DATE, COMMENT_TEXT, MOVEMENT_TYPE, MOVEMENT_REASON_CODE, EVENT_ID) VALUES (-75, TO_DATE('2019-12-13', 'YYYY-MM-DD'), null, 'REL', 'DD', 1);

INSERT INTO OFFENDER_IEP_LEVELS (OFFENDER_BOOK_ID, IEP_LEVEL_SEQ, IEP_DATE, IEP_TIME, AGY_LOC_ID, IEP_LEVEL, COMMENT_TEXT, USER_ID) VALUES (-76, 1, TO_DATE('2001-07-10', 'YYYY-MM-DD'), TO_DATE('2001-07-10 12:41:12', 'YYYY-MM-DD HH24:MI:SS'), 'AG4', 'BAS', 'Assaulted Another Inmate', 'OFFICER1');
INSERT INTO OFFENDER_SENTENCE_TERMS (OFFENDER_BOOK_ID, SENTENCE_SEQ, TERM_SEQ, SENTENCE_TERM_CODE, YEARS, MONTHS, START_DATE, END_DATE, LIFE_SENTENCE_FLAG) VALUES (-76, 1, 1, 'IMP', 7, 3, TO_DATE('2008-10-25', 'YYYY-MM-DD'), TO_DATE('2016-01-16', 'YYYY-MM-DD'), 'N');
INSERT INTO OFFENDER_SENT_CALCULATIONS (OFFENDER_SENT_CALCULATION_ID, OFFENDER_BOOK_ID, CALCULATION_DATE, APD_CALCULATED_DATE,  CRD_CALCULATED_DATE, SED_CALCULATED_DATE, CALC_REASON_CODE) VALUES (-76, -76, TO_DATE('2008-10-25', 'YYYY-MM-DD'), TO_DATE('2009-04-23', 'YYYY-MM-DD'),  TO_DATE('2009-10-20', 'YYYY-MM-DD'), TO_DATE('2010-03-29', 'YYYY-MM-DD'), 'NEW');
INSERT INTO OFFENDER_RELEASE_DETAILS (OFFENDER_BOOK_ID, RELEASE_DATE, COMMENT_TEXT, MOVEMENT_TYPE, MOVEMENT_REASON_CODE, EVENT_ID) VALUES (-76, TO_DATE('2020-01-15', 'YYYY-MM-DD'), null, 'REL', 'DD', 1);

INSERT INTO OFFENDER_IEP_LEVELS (OFFENDER_BOOK_ID, IEP_LEVEL_SEQ, IEP_DATE, IEP_TIME, AGY_LOC_ID, IEP_LEVEL, COMMENT_TEXT, USER_ID) VALUES (-77, 1, TO_DATE('2001-07-17', 'YYYY-MM-DD'), TO_DATE('2001-07-17 12:41:12', 'YYYY-MM-DD HH24:MI:SS'), 'AG4', 'BAS', 'Assaulted Another Inmate', 'OFFICER1');
INSERT INTO OFFENDER_SENTENCE_TERMS (OFFENDER_BOOK_ID, SENTENCE_SEQ, TERM_SEQ, SENTENCE_TERM_CODE, YEARS, MONTHS, START_DATE, END_DATE, LIFE_SENTENCE_FLAG) VALUES (-77, 1, 1, 'IMP', 7, 4, TO_DATE('2008-10-30', 'YYYY-MM-DD'), TO_DATE('2016-02-18', 'YYYY-MM-DD'), 'N');
INSERT INTO OFFENDER_SENT_CALCULATIONS (OFFENDER_SENT_CALCULATION_ID, OFFENDER_BOOK_ID, CALCULATION_DATE, APD_CALCULATED_DATE,  CRD_CALCULATED_DATE, SED_CALCULATED_DATE, CALC_REASON_CODE) VALUES (-77, -77, TO_DATE('2008-10-30', 'YYYY-MM-DD'), TO_DATE('2009-04-28', 'YYYY-MM-DD'),  TO_DATE('2009-10-25', 'YYYY-MM-DD'), TO_DATE('2010-04-03', 'YYYY-MM-DD'), 'NEW');
INSERT INTO OFFENDER_RELEASE_DETAILS (OFFENDER_BOOK_ID, RELEASE_DATE, COMMENT_TEXT, MOVEMENT_TYPE, MOVEMENT_REASON_CODE, EVENT_ID) VALUES (-77, TO_DATE('2020-02-17', 'YYYY-MM-DD'), null, 'REL', 'DD', 1);

INSERT INTO OFFENDER_IEP_LEVELS (OFFENDER_BOOK_ID, IEP_LEVEL_SEQ, IEP_DATE, IEP_TIME, AGY_LOC_ID, IEP_LEVEL, COMMENT_TEXT, USER_ID) VALUES (-78, 1, TO_DATE('2001-07-24', 'YYYY-MM-DD'), TO_DATE('2001-07-24 12:41:12', 'YYYY-MM-DD HH24:MI:SS'), 'AG4', 'BAS', 'Assaulted Another Inmate', 'OFFICER1');
INSERT INTO OFFENDER_SENTENCE_TERMS (OFFENDER_BOOK_ID, SENTENCE_SEQ, TERM_SEQ, SENTENCE_TERM_CODE, YEARS, MONTHS, START_DATE, END_DATE, LIFE_SENTENCE_FLAG) VALUES (-78, 1, 1, 'IMP', 7, 5, TO_DATE('2008-11-04', 'YYYY-MM-DD'), TO_DATE('2016-03-22', 'YYYY-MM-DD'), 'N');
INSERT INTO OFFENDER_SENT_CALCULATIONS (OFFENDER_SENT_CALCULATION_ID, OFFENDER_BOOK_ID, CALCULATION_DATE, APD_CALCULATED_DATE,  CRD_CALCULATED_DATE, SED_CALCULATED_DATE, CALC_REASON_CODE) VALUES (-78, -78, TO_DATE('2008-11-04', 'YYYY-MM-DD'), TO_DATE('2009-05-03', 'YYYY-MM-DD'),  TO_DATE('2009-10-30', 'YYYY-MM-DD'), TO_DATE('2010-04-08', 'YYYY-MM-DD'), 'NEW');
INSERT INTO OFFENDER_RELEASE_DETAILS (OFFENDER_BOOK_ID, RELEASE_DATE, COMMENT_TEXT, MOVEMENT_TYPE, MOVEMENT_REASON_CODE, EVENT_ID) VALUES (-78, TO_DATE('2020-03-21', 'YYYY-MM-DD'), null, 'REL', 'DD', 1);

INSERT INTO OFFENDER_IEP_LEVELS (OFFENDER_BOOK_ID, IEP_LEVEL_SEQ, IEP_DATE, IEP_TIME, AGY_LOC_ID, IEP_LEVEL, COMMENT_TEXT, USER_ID) VALUES (-79, 1, TO_DATE('2001-07-31', 'YYYY-MM-DD'), TO_DATE('2001-07-31 12:41:12', 'YYYY-MM-DD HH24:MI:SS'), 'AG4', 'BAS', 'Assaulted Another Inmate', 'OFFICER1');
INSERT INTO OFFENDER_SENTENCE_TERMS (OFFENDER_BOOK_ID, SENTENCE_SEQ, TERM_SEQ, SENTENCE_TERM_CODE, YEARS, MONTHS, START_DATE, END_DATE, LIFE_SENTENCE_FLAG) VALUES (-79, 1, 1, 'IMP', 7, 6, TO_DATE('2008-11-09', 'YYYY-MM-DD'), TO_DATE('2016-04-24', 'YYYY-MM-DD'), 'N');
INSERT INTO OFFENDER_SENT_CALCULATIONS (OFFENDER_SENT_CALCULATION_ID, OFFENDER_BOOK_ID, CALCULATION_DATE, APD_CALCULATED_DATE,  CRD_CALCULATED_DATE, SED_CALCULATED_DATE, CALC_REASON_CODE) VALUES (-79, -79, TO_DATE('2008-11-09', 'YYYY-MM-DD'), TO_DATE('2009-05-08', 'YYYY-MM-DD'),  TO_DATE('2009-11-04', 'YYYY-MM-DD'), TO_DATE('2010-04-13', 'YYYY-MM-DD'), 'NEW');
INSERT INTO OFFENDER_RELEASE_DETAILS (OFFENDER_BOOK_ID, RELEASE_DATE, COMMENT_TEXT, MOVEMENT_TYPE, MOVEMENT_REASON_CODE, EVENT_ID) VALUES (-79, TO_DATE('2020-04-23', 'YYYY-MM-DD'), null, 'REL', 'DD', 1);

INSERT INTO OFFENDER_IEP_LEVELS (OFFENDER_BOOK_ID, IEP_LEVEL_SEQ, IEP_DATE, IEP_TIME, AGY_LOC_ID, IEP_LEVEL, COMMENT_TEXT, USER_ID) VALUES (-80, 1, TO_DATE('2001-08-07', 'YYYY-MM-DD'), TO_DATE('2001-08-07 12:41:12', 'YYYY-MM-DD HH24:MI:SS'), 'AG4', 'BAS', 'Assaulted Another Inmate', 'OFFICER1');
INSERT INTO OFFENDER_SENTENCE_TERMS (OFFENDER_BOOK_ID, SENTENCE_SEQ, TERM_SEQ, SENTENCE_TERM_CODE, YEARS, MONTHS, START_DATE, END_DATE, LIFE_SENTENCE_FLAG) VALUES (-80, 1, 1, 'IMP', 7, 7, TO_DATE('2008-11-14', 'YYYY-MM-DD'), TO_DATE('2016-05-27', 'YYYY-MM-DD'), 'N');
INSERT INTO OFFENDER_SENT_CALCULATIONS (OFFENDER_SENT_CALCULATION_ID, OFFENDER_BOOK_ID, CALCULATION_DATE, APD_CALCULATED_DATE,  CRD_CALCULATED_DATE, SED_CALCULATED_DATE, CALC_REASON_CODE) VALUES (-80, -80, TO_DATE('2008-11-14', 'YYYY-MM-DD'), TO_DATE('2009-05-13', 'YYYY-MM-DD'),  TO_DATE('2009-11-09', 'YYYY-MM-DD'), TO_DATE('2010-04-18', 'YYYY-MM-DD'), 'NEW');
INSERT INTO OFFENDER_RELEASE_DETAILS (OFFENDER_BOOK_ID, RELEASE_DATE, COMMENT_TEXT, MOVEMENT_TYPE, MOVEMENT_REASON_CODE, EVENT_ID) VALUES (-80, TO_DATE('2020-05-26', 'YYYY-MM-DD'), null, 'REL', 'DD', 1);

INSERT INTO OFFENDER_IEP_LEVELS (OFFENDER_BOOK_ID, IEP_LEVEL_SEQ, IEP_DATE, IEP_TIME, AGY_LOC_ID, IEP_LEVEL, COMMENT_TEXT, USER_ID) VALUES (-81, 1, TO_DATE('2001-08-14', 'YYYY-MM-DD'), TO_DATE('2001-08-14 12:41:12', 'YYYY-MM-DD HH24:MI:SS'), 'AG4', 'BAS', 'Assaulted Another Inmate', 'OFFICER1');
INSERT INTO OFFENDER_SENTENCE_TERMS (OFFENDER_BOOK_ID, SENTENCE_SEQ, TERM_SEQ, SENTENCE_TERM_CODE, YEARS, MONTHS, START_DATE, END_DATE, LIFE_SENTENCE_FLAG) VALUES (-81, 1, 1, 'IMP', 7, 8, TO_DATE('2008-11-19', 'YYYY-MM-DD'), TO_DATE('2016-06-29', 'YYYY-MM-DD'), 'N');
INSERT INTO OFFENDER_SENT_CALCULATIONS (OFFENDER_SENT_CALCULATION_ID, OFFENDER_BOOK_ID, CALCULATION_DATE, APD_CALCULATED_DATE,  CRD_CALCULATED_DATE, SED_CALCULATED_DATE, CALC_REASON_CODE) VALUES (-81, -81, TO_DATE('2008-11-19', 'YYYY-MM-DD'), TO_DATE('2009-05-18', 'YYYY-MM-DD'),  TO_DATE('2009-11-14', 'YYYY-MM-DD'), TO_DATE('2010-04-23', 'YYYY-MM-DD'), 'NEW');
INSERT INTO OFFENDER_RELEASE_DETAILS (OFFENDER_BOOK_ID, RELEASE_DATE, COMMENT_TEXT, MOVEMENT_TYPE, MOVEMENT_REASON_CODE, EVENT_ID) VALUES (-81, TO_DATE('2020-06-28', 'YYYY-MM-DD'), null, 'REL', 'DD', 1);

INSERT INTO OFFENDER_IEP_LEVELS (OFFENDER_BOOK_ID, IEP_LEVEL_SEQ, IEP_DATE, IEP_TIME, AGY_LOC_ID, IEP_LEVEL, COMMENT_TEXT, USER_ID) VALUES (-82, 1, TO_DATE('2001-08-21', 'YYYY-MM-DD'), TO_DATE('2001-08-21 12:41:12', 'YYYY-MM-DD HH24:MI:SS'), 'AG4', 'BAS', 'Assaulted Another Inmate', 'OFFICER1');
INSERT INTO OFFENDER_SENTENCE_TERMS (OFFENDER_BOOK_ID, SENTENCE_SEQ, TERM_SEQ, SENTENCE_TERM_CODE, YEARS, MONTHS, START_DATE, END_DATE, LIFE_SENTENCE_FLAG) VALUES (-82, 1, 1, 'IMP', 7, 9, TO_DATE('2008-11-24', 'YYYY-MM-DD'), TO_DATE('2016-08-01', 'YYYY-MM-DD'), 'N');
INSERT INTO OFFENDER_SENT_CALCULATIONS (OFFENDER_SENT_CALCULATION_ID, OFFENDER_BOOK_ID, CALCULATION_DATE, APD_CALCULATED_DATE,  CRD_CALCULATED_DATE, SED_CALCULATED_DATE, CALC_REASON_CODE) VALUES (-82, -82, TO_DATE('2008-11-24', 'YYYY-MM-DD'), TO_DATE('2009-05-23', 'YYYY-MM-DD'),  TO_DATE('2009-11-19', 'YYYY-MM-DD'), TO_DATE('2010-04-28', 'YYYY-MM-DD'), 'NEW');
INSERT INTO OFFENDER_RELEASE_DETAILS (OFFENDER_BOOK_ID, RELEASE_DATE, COMMENT_TEXT, MOVEMENT_TYPE, MOVEMENT_REASON_CODE, EVENT_ID) VALUES (-82, TO_DATE('2020-07-31', 'YYYY-MM-DD'), null, 'REL', 'DD', 1);

INSERT INTO OFFENDER_IEP_LEVELS (OFFENDER_BOOK_ID, IEP_LEVEL_SEQ, IEP_DATE, IEP_TIME, AGY_LOC_ID, IEP_LEVEL, COMMENT_TEXT, USER_ID) VALUES (-83, 1, TO_DATE('2001-08-28', 'YYYY-MM-DD'), TO_DATE('2001-08-28 12:41:12', 'YYYY-MM-DD HH24:MI:SS'), 'AG4', 'BAS', 'Assaulted Another Inmate', 'OFFICER1');
INSERT INTO OFFENDER_SENTENCE_TERMS (OFFENDER_BOOK_ID, SENTENCE_SEQ, TERM_SEQ, SENTENCE_TERM_CODE, YEARS, MONTHS, START_DATE, END_DATE, LIFE_SENTENCE_FLAG) VALUES (-83, 1, 1, 'IMP', 7, 10, TO_DATE('2008-11-29', 'YYYY-MM-DD'), TO_DATE('2016-09-03', 'YYYY-MM-DD'), 'N');
INSERT INTO OFFENDER_SENT_CALCULATIONS (OFFENDER_SENT_CALCULATION_ID, OFFENDER_BOOK_ID, CALCULATION_DATE, APD_CALCULATED_DATE,  CRD_CALCULATED_DATE, SED_CALCULATED_DATE, CALC_REASON_CODE) VALUES (-83, -83, TO_DATE('2008-11-29', 'YYYY-MM-DD'), TO_DATE('2009-05-28', 'YYYY-MM-DD'),  TO_DATE('2009-11-24', 'YYYY-MM-DD'), TO_DATE('2010-05-03', 'YYYY-MM-DD'), 'NEW');
INSERT INTO OFFENDER_RELEASE_DETAILS (OFFENDER_BOOK_ID, RELEASE_DATE, COMMENT_TEXT, MOVEMENT_TYPE, MOVEMENT_REASON_CODE, EVENT_ID) VALUES (-83, TO_DATE('2020-09-02', 'YYYY-MM-DD'), null, 'REL', 'DD', 1);

INSERT INTO OFFENDER_IEP_LEVELS (OFFENDER_BOOK_ID, IEP_LEVEL_SEQ, IEP_DATE, IEP_TIME, AGY_LOC_ID, IEP_LEVEL, COMMENT_TEXT, USER_ID) VALUES (-84, 1, TO_DATE('2001-09-04', 'YYYY-MM-DD'), TO_DATE('2001-09-04 12:41:12', 'YYYY-MM-DD HH24:MI:SS'), 'AG4', 'BAS', 'Assaulted Another Inmate', 'OFFICER1');
INSERT INTO OFFENDER_SENTENCE_TERMS (OFFENDER_BOOK_ID, SENTENCE_SEQ, TERM_SEQ, SENTENCE_TERM_CODE, YEARS, MONTHS, START_DATE, END_DATE, LIFE_SENTENCE_FLAG) VALUES (-84, 1, 1, 'IMP', 7, 11, TO_DATE('2008-12-04', 'YYYY-MM-DD'), TO_DATE('2016-10-06', 'YYYY-MM-DD'), 'N');
INSERT INTO OFFENDER_SENT_CALCULATIONS (OFFENDER_SENT_CALCULATION_ID, OFFENDER_BOOK_ID, CALCULATION_DATE, APD_CALCULATED_DATE,  CRD_CALCULATED_DATE, SED_CALCULATED_DATE, CALC_REASON_CODE) VALUES (-84, -84, TO_DATE('2008-12-04', 'YYYY-MM-DD'), TO_DATE('2009-06-02', 'YYYY-MM-DD'),  TO_DATE('2009-11-29', 'YYYY-MM-DD'), TO_DATE('2010-05-08', 'YYYY-MM-DD'), 'NEW');
INSERT INTO OFFENDER_RELEASE_DETAILS (OFFENDER_BOOK_ID, RELEASE_DATE, COMMENT_TEXT, MOVEMENT_TYPE, MOVEMENT_REASON_CODE, EVENT_ID) VALUES (-84, TO_DATE('2020-10-05', 'YYYY-MM-DD'), null, 'REL', 'DD', 1);

INSERT INTO OFFENDER_IEP_LEVELS (OFFENDER_BOOK_ID, IEP_LEVEL_SEQ, IEP_DATE, IEP_TIME, AGY_LOC_ID, IEP_LEVEL, COMMENT_TEXT, USER_ID) VALUES (-85, 1, TO_DATE('2001-09-11', 'YYYY-MM-DD'), TO_DATE('2001-09-11 12:41:12', 'YYYY-MM-DD HH24:MI:SS'), 'AG4', 'BAS', 'Assaulted Another Inmate', 'OFFICER1');
INSERT INTO OFFENDER_SENTENCE_TERMS (OFFENDER_BOOK_ID, SENTENCE_SEQ, TERM_SEQ, SENTENCE_TERM_CODE, YEARS, MONTHS, START_DATE, END_DATE, LIFE_SENTENCE_FLAG) VALUES (-85, 1, 1, 'IMP', 8, 0, TO_DATE('2008-12-09', 'YYYY-MM-DD'), TO_DATE('2016-12-07', 'YYYY-MM-DD'), 'N');
INSERT INTO OFFENDER_SENT_CALCULATIONS (OFFENDER_SENT_CALCULATION_ID, OFFENDER_BOOK_ID, CALCULATION_DATE, APD_CALCULATED_DATE,  CRD_CALCULATED_DATE, SED_CALCULATED_DATE, CALC_REASON_CODE) VALUES (-85, -85, TO_DATE('2008-12-09', 'YYYY-MM-DD'), TO_DATE('2009-06-07', 'YYYY-MM-DD'),  TO_DATE('2009-12-04', 'YYYY-MM-DD'), TO_DATE('2010-05-13', 'YYYY-MM-DD'), 'NEW');
INSERT INTO OFFENDER_RELEASE_DETAILS (OFFENDER_BOOK_ID, RELEASE_DATE, COMMENT_TEXT, MOVEMENT_TYPE, MOVEMENT_REASON_CODE, EVENT_ID) VALUES (-85, TO_DATE('2020-12-06', 'YYYY-MM-DD'), null, 'REL', 'DD', 1);

INSERT INTO OFFENDER_IEP_LEVELS (OFFENDER_BOOK_ID, IEP_LEVEL_SEQ, IEP_DATE, IEP_TIME, AGY_LOC_ID, IEP_LEVEL, COMMENT_TEXT, USER_ID) VALUES (-86, 1, TO_DATE('2001-09-18', 'YYYY-MM-DD'), TO_DATE('2001-09-18 12:41:12', 'YYYY-MM-DD HH24:MI:SS'), 'AG4', 'BAS', 'Assaulted Another Inmate', 'OFFICER1');
INSERT INTO OFFENDER_SENTENCE_TERMS (OFFENDER_BOOK_ID, SENTENCE_SEQ, TERM_SEQ, SENTENCE_TERM_CODE, YEARS, MONTHS, START_DATE, END_DATE, LIFE_SENTENCE_FLAG) VALUES (-86, 1, 1, 'IMP', 8, 1, TO_DATE('2008-12-14', 'YYYY-MM-DD'), TO_DATE('2017-01-09', 'YYYY-MM-DD'), 'N');
INSERT INTO OFFENDER_SENT_CALCULATIONS (OFFENDER_SENT_CALCULATION_ID, OFFENDER_BOOK_ID, CALCULATION_DATE, APD_CALCULATED_DATE,  CRD_CALCULATED_DATE, SED_CALCULATED_DATE, CALC_REASON_CODE) VALUES (-86, -86, TO_DATE('2008-12-14', 'YYYY-MM-DD'), TO_DATE('2009-06-12', 'YYYY-MM-DD'),  TO_DATE('2009-12-09', 'YYYY-MM-DD'), TO_DATE('2010-05-18', 'YYYY-MM-DD'), 'NEW');
INSERT INTO OFFENDER_RELEASE_DETAILS (OFFENDER_BOOK_ID, RELEASE_DATE, COMMENT_TEXT, MOVEMENT_TYPE, MOVEMENT_REASON_CODE, EVENT_ID) VALUES (-86, TO_DATE('2021-01-08', 'YYYY-MM-DD'), null, 'REL', 'DD', 1);

INSERT INTO OFFENDER_IEP_LEVELS (OFFENDER_BOOK_ID, IEP_LEVEL_SEQ, IEP_DATE, IEP_TIME, AGY_LOC_ID, IEP_LEVEL, COMMENT_TEXT, USER_ID) VALUES (-87, 1, TO_DATE('2001-09-25', 'YYYY-MM-DD'), TO_DATE('2001-09-25 12:41:12', 'YYYY-MM-DD HH24:MI:SS'), 'AG4', 'BAS', 'Assaulted Another Inmate', 'OFFICER1');
INSERT INTO OFFENDER_SENTENCE_TERMS (OFFENDER_BOOK_ID, SENTENCE_SEQ, TERM_SEQ, SENTENCE_TERM_CODE, YEARS, MONTHS, START_DATE, END_DATE, LIFE_SENTENCE_FLAG) VALUES (-87, 1, 1, 'IMP', 8, 2, TO_DATE('2008-12-19', 'YYYY-MM-DD'), TO_DATE('2017-02-11', 'YYYY-MM-DD'), 'N');
INSERT INTO OFFENDER_SENT_CALCULATIONS (OFFENDER_SENT_CALCULATION_ID, OFFENDER_BOOK_ID, CALCULATION_DATE, APD_CALCULATED_DATE,  CRD_CALCULATED_DATE, SED_CALCULATED_DATE, CALC_REASON_CODE) VALUES (-87, -87, TO_DATE('2008-12-19', 'YYYY-MM-DD'), TO_DATE('2009-06-17', 'YYYY-MM-DD'),  TO_DATE('2009-12-14', 'YYYY-MM-DD'), TO_DATE('2010-05-23', 'YYYY-MM-DD'), 'NEW');
INSERT INTO OFFENDER_RELEASE_DETAILS (OFFENDER_BOOK_ID, RELEASE_DATE, COMMENT_TEXT, MOVEMENT_TYPE, MOVEMENT_REASON_CODE, EVENT_ID) VALUES (-87, TO_DATE('2021-02-10', 'YYYY-MM-DD'), null, 'REL', 'DD', 1);

INSERT INTO OFFENDER_IEP_LEVELS (OFFENDER_BOOK_ID, IEP_LEVEL_SEQ, IEP_DATE, IEP_TIME, AGY_LOC_ID, IEP_LEVEL, COMMENT_TEXT, USER_ID) VALUES (-88, 1, TO_DATE('2001-10-02', 'YYYY-MM-DD'), TO_DATE('2001-10-02 12:41:12', 'YYYY-MM-DD HH24:MI:SS'), 'AG4', 'BAS', 'Assaulted Another Inmate', 'OFFICER1');
INSERT INTO OFFENDER_SENTENCE_TERMS (OFFENDER_BOOK_ID, SENTENCE_SEQ, TERM_SEQ, SENTENCE_TERM_CODE, YEARS, MONTHS, START_DATE, END_DATE, LIFE_SENTENCE_FLAG) VALUES (-88, 1, 1, 'IMP', 8, 3, TO_DATE('2008-12-24', 'YYYY-MM-DD'), TO_DATE('2017-03-16', 'YYYY-MM-DD'), 'N');
INSERT INTO OFFENDER_SENT_CALCULATIONS (OFFENDER_SENT_CALCULATION_ID, OFFENDER_BOOK_ID, CALCULATION_DATE, APD_CALCULATED_DATE,  CRD_CALCULATED_DATE, SED_CALCULATED_DATE, CALC_REASON_CODE) VALUES (-88, -88, TO_DATE('2008-12-24', 'YYYY-MM-DD'), TO_DATE('2009-06-22', 'YYYY-MM-DD'),  TO_DATE('2009-12-19', 'YYYY-MM-DD'), TO_DATE('2010-05-28', 'YYYY-MM-DD'), 'NEW');
INSERT INTO OFFENDER_RELEASE_DETAILS (OFFENDER_BOOK_ID, RELEASE_DATE, COMMENT_TEXT, MOVEMENT_TYPE, MOVEMENT_REASON_CODE, EVENT_ID) VALUES (-88, TO_DATE('2021-03-15', 'YYYY-MM-DD'), null, 'REL', 'DD', 1);

INSERT INTO OFFENDER_IEP_LEVELS (OFFENDER_BOOK_ID, IEP_LEVEL_SEQ, IEP_DATE, IEP_TIME, AGY_LOC_ID, IEP_LEVEL, COMMENT_TEXT, USER_ID) VALUES (-89, 1, TO_DATE('2001-10-09', 'YYYY-MM-DD'), TO_DATE('2001-10-09 12:41:12', 'YYYY-MM-DD HH24:MI:SS'), 'AG4', 'BAS', 'Assaulted Another Inmate', 'OFFICER1');
INSERT INTO OFFENDER_SENTENCE_TERMS (OFFENDER_BOOK_ID, SENTENCE_SEQ, TERM_SEQ, SENTENCE_TERM_CODE, YEARS, MONTHS, START_DATE, END_DATE, LIFE_SENTENCE_FLAG) VALUES (-89, 1, 1, 'IMP', 8, 4, TO_DATE('2008-12-29', 'YYYY-MM-DD'), TO_DATE('2017-04-18', 'YYYY-MM-DD'), 'N');
INSERT INTO OFFENDER_SENT_CALCULATIONS (OFFENDER_SENT_CALCULATION_ID, OFFENDER_BOOK_ID, CALCULATION_DATE, APD_CALCULATED_DATE,  CRD_CALCULATED_DATE, SED_CALCULATED_DATE, CALC_REASON_CODE) VALUES (-89, -89, TO_DATE('2008-12-29', 'YYYY-MM-DD'), TO_DATE('2009-06-27', 'YYYY-MM-DD'),  TO_DATE('2009-12-24', 'YYYY-MM-DD'), TO_DATE('2010-06-02', 'YYYY-MM-DD'), 'NEW');
INSERT INTO OFFENDER_RELEASE_DETAILS (OFFENDER_BOOK_ID, RELEASE_DATE, COMMENT_TEXT, MOVEMENT_TYPE, MOVEMENT_REASON_CODE, EVENT_ID) VALUES (-89, TO_DATE('2021-04-17', 'YYYY-MM-DD'), null, 'REL', 'DD', 1);

INSERT INTO OFFENDER_IEP_LEVELS (OFFENDER_BOOK_ID, IEP_LEVEL_SEQ, IEP_DATE, IEP_TIME, AGY_LOC_ID, IEP_LEVEL, COMMENT_TEXT, USER_ID) VALUES (-90, 1, TO_DATE('2001-10-16', 'YYYY-MM-DD'), TO_DATE('2001-10-16 12:41:12', 'YYYY-MM-DD HH24:MI:SS'), 'AG4', 'BAS', 'Assaulted Another Inmate', 'OFFICER1');
INSERT INTO OFFENDER_SENTENCE_TERMS (OFFENDER_BOOK_ID, SENTENCE_SEQ, TERM_SEQ, SENTENCE_TERM_CODE, YEARS, MONTHS, START_DATE, END_DATE, LIFE_SENTENCE_FLAG) VALUES (-90, 1, 1, 'IMP', 8, 5, TO_DATE('2009-01-03', 'YYYY-MM-DD'), TO_DATE('2017-05-21', 'YYYY-MM-DD'), 'N');
INSERT INTO OFFENDER_SENT_CALCULATIONS (OFFENDER_SENT_CALCULATION_ID, OFFENDER_BOOK_ID, CALCULATION_DATE, APD_CALCULATED_DATE,  CRD_CALCULATED_DATE, SED_CALCULATED_DATE, CALC_REASON_CODE) VALUES (-90, -90, TO_DATE('2009-01-03', 'YYYY-MM-DD'), TO_DATE('2009-07-02', 'YYYY-MM-DD'),  TO_DATE('2009-12-29', 'YYYY-MM-DD'), TO_DATE('2010-06-07', 'YYYY-MM-DD'), 'NEW');
INSERT INTO OFFENDER_RELEASE_DETAILS (OFFENDER_BOOK_ID, RELEASE_DATE, COMMENT_TEXT, MOVEMENT_TYPE, MOVEMENT_REASON_CODE, EVENT_ID) VALUES (-90, TO_DATE('2021-05-20', 'YYYY-MM-DD'), null, 'REL', 'DD', 1);

INSERT INTO OFFENDER_IEP_LEVELS (OFFENDER_BOOK_ID, IEP_LEVEL_SEQ, IEP_DATE, IEP_TIME, AGY_LOC_ID, IEP_LEVEL, COMMENT_TEXT, USER_ID) VALUES (-91, 1, TO_DATE('2001-10-23', 'YYYY-MM-DD'), TO_DATE('2001-10-23 12:41:12', 'YYYY-MM-DD HH24:MI:SS'), 'AG5', 'BAS', 'Assaulted Another Inmate', 'OFFICER1');
INSERT INTO OFFENDER_SENTENCE_TERMS (OFFENDER_BOOK_ID, SENTENCE_SEQ, TERM_SEQ, SENTENCE_TERM_CODE, YEARS, MONTHS, START_DATE, END_DATE, LIFE_SENTENCE_FLAG) VALUES (-91, 1, 1, 'IMP', 8, 6, TO_DATE('2009-01-08', 'YYYY-MM-DD'), TO_DATE('2017-06-23', 'YYYY-MM-DD'), 'N');
INSERT INTO OFFENDER_SENT_CALCULATIONS (OFFENDER_SENT_CALCULATION_ID, OFFENDER_BOOK_ID, CALCULATION_DATE, APD_CALCULATED_DATE,  CRD_CALCULATED_DATE, SED_CALCULATED_DATE, CALC_REASON_CODE) VALUES (-91, -91, TO_DATE('2009-01-08', 'YYYY-MM-DD'), TO_DATE('2009-07-07', 'YYYY-MM-DD'),  TO_DATE('2010-01-03', 'YYYY-MM-DD'), TO_DATE('2010-06-12', 'YYYY-MM-DD'), 'NEW');
INSERT INTO OFFENDER_RELEASE_DETAILS (OFFENDER_BOOK_ID, RELEASE_DATE, COMMENT_TEXT, MOVEMENT_TYPE, MOVEMENT_REASON_CODE, EVENT_ID) VALUES (-91, TO_DATE('2021-06-22', 'YYYY-MM-DD'), null, 'REL', 'DD', 1);

INSERT INTO OFFENDER_IEP_LEVELS (OFFENDER_BOOK_ID, IEP_LEVEL_SEQ, IEP_DATE, IEP_TIME, AGY_LOC_ID, IEP_LEVEL, COMMENT_TEXT, USER_ID) VALUES (-92, 1, TO_DATE('2001-10-30', 'YYYY-MM-DD'), TO_DATE('2001-10-30 12:41:12', 'YYYY-MM-DD HH24:MI:SS'), 'AG5', 'BAS', 'Assaulted Another Inmate', 'OFFICER1');
INSERT INTO OFFENDER_SENTENCE_TERMS (OFFENDER_BOOK_ID, SENTENCE_SEQ, TERM_SEQ, SENTENCE_TERM_CODE, YEARS, MONTHS, START_DATE, END_DATE, LIFE_SENTENCE_FLAG) VALUES (-92, 1, 1, 'IMP', 8, 7, TO_DATE('2009-01-13', 'YYYY-MM-DD'), TO_DATE('2017-07-26', 'YYYY-MM-DD'), 'N');
INSERT INTO OFFENDER_SENT_CALCULATIONS (OFFENDER_SENT_CALCULATION_ID, OFFENDER_BOOK_ID, CALCULATION_DATE, APD_CALCULATED_DATE,  CRD_CALCULATED_DATE, SED_CALCULATED_DATE, CALC_REASON_CODE) VALUES (-92, -92, TO_DATE('2009-01-13', 'YYYY-MM-DD'), TO_DATE('2009-07-12', 'YYYY-MM-DD'),  TO_DATE('2010-01-08', 'YYYY-MM-DD'), TO_DATE('2010-06-17', 'YYYY-MM-DD'), 'NEW');
INSERT INTO OFFENDER_RELEASE_DETAILS (OFFENDER_BOOK_ID, RELEASE_DATE, COMMENT_TEXT, MOVEMENT_TYPE, MOVEMENT_REASON_CODE, EVENT_ID) VALUES (-92, TO_DATE('2021-07-25', 'YYYY-MM-DD'), null, 'REL', 'DD', 1);

INSERT INTO OFFENDER_IEP_LEVELS (OFFENDER_BOOK_ID, IEP_LEVEL_SEQ, IEP_DATE, IEP_TIME, AGY_LOC_ID, IEP_LEVEL, COMMENT_TEXT, USER_ID) VALUES (-93, 1, TO_DATE('2001-11-06', 'YYYY-MM-DD'), TO_DATE('2001-11-06 12:41:12', 'YYYY-MM-DD HH24:MI:SS'), 'AG5', 'BAS', 'Assaulted Another Inmate', 'OFFICER1');
INSERT INTO OFFENDER_SENTENCE_TERMS (OFFENDER_BOOK_ID, SENTENCE_SEQ, TERM_SEQ, SENTENCE_TERM_CODE, YEARS, MONTHS, START_DATE, END_DATE, LIFE_SENTENCE_FLAG) VALUES (-93, 1, 1, 'IMP', 8, 8, TO_DATE('2009-01-18', 'YYYY-MM-DD'), TO_DATE('2017-08-28', 'YYYY-MM-DD'), 'N');
INSERT INTO OFFENDER_SENT_CALCULATIONS (OFFENDER_SENT_CALCULATION_ID, OFFENDER_BOOK_ID, CALCULATION_DATE, APD_CALCULATED_DATE,  CRD_CALCULATED_DATE, SED_CALCULATED_DATE, CALC_REASON_CODE) VALUES (-93, -93, TO_DATE('2009-01-18', 'YYYY-MM-DD'), TO_DATE('2009-07-17', 'YYYY-MM-DD'),  TO_DATE('2010-01-13', 'YYYY-MM-DD'), TO_DATE('2010-06-22', 'YYYY-MM-DD'), 'NEW');
INSERT INTO OFFENDER_RELEASE_DETAILS (OFFENDER_BOOK_ID, RELEASE_DATE, COMMENT_TEXT, MOVEMENT_TYPE, MOVEMENT_REASON_CODE, EVENT_ID) VALUES (-93, TO_DATE('2021-08-27', 'YYYY-MM-DD'), null, 'REL', 'DD', 1);

INSERT INTO OFFENDER_IEP_LEVELS (OFFENDER_BOOK_ID, IEP_LEVEL_SEQ, IEP_DATE, IEP_TIME, AGY_LOC_ID, IEP_LEVEL, COMMENT_TEXT, USER_ID) VALUES (-94, 1, TO_DATE('2001-11-13', 'YYYY-MM-DD'), TO_DATE('2001-11-13 12:41:12', 'YYYY-MM-DD HH24:MI:SS'), 'AG5', 'BAS', 'Assaulted Another Inmate', 'OFFICER1');
INSERT INTO OFFENDER_SENTENCE_TERMS (OFFENDER_BOOK_ID, SENTENCE_SEQ, TERM_SEQ, SENTENCE_TERM_CODE, YEARS, MONTHS, START_DATE, END_DATE, LIFE_SENTENCE_FLAG) VALUES (-94, 1, 1, 'IMP', 8, 9, TO_DATE('2009-01-23', 'YYYY-MM-DD'), TO_DATE('2017-09-30', 'YYYY-MM-DD'), 'N');
INSERT INTO OFFENDER_SENT_CALCULATIONS (OFFENDER_SENT_CALCULATION_ID, OFFENDER_BOOK_ID, CALCULATION_DATE, APD_CALCULATED_DATE,  CRD_CALCULATED_DATE, SED_CALCULATED_DATE, CALC_REASON_CODE) VALUES (-94, -94, TO_DATE('2009-01-23', 'YYYY-MM-DD'), TO_DATE('2009-07-22', 'YYYY-MM-DD'),  TO_DATE('2010-01-18', 'YYYY-MM-DD'), TO_DATE('2010-06-27', 'YYYY-MM-DD'), 'NEW');
INSERT INTO OFFENDER_RELEASE_DETAILS (OFFENDER_BOOK_ID, RELEASE_DATE, COMMENT_TEXT, MOVEMENT_TYPE, MOVEMENT_REASON_CODE, EVENT_ID) VALUES (-94, TO_DATE('2021-09-29', 'YYYY-MM-DD'), null, 'REL', 'DD', 1);

INSERT INTO OFFENDER_IEP_LEVELS (OFFENDER_BOOK_ID, IEP_LEVEL_SEQ, IEP_DATE, IEP_TIME, AGY_LOC_ID, IEP_LEVEL, COMMENT_TEXT, USER_ID) VALUES (-95, 1, TO_DATE('2001-11-20', 'YYYY-MM-DD'), TO_DATE('2001-11-20 12:41:12', 'YYYY-MM-DD HH24:MI:SS'), 'AG5', 'BAS', 'Assaulted Another Inmate', 'OFFICER1');
INSERT INTO OFFENDER_SENTENCE_TERMS (OFFENDER_BOOK_ID, SENTENCE_SEQ, TERM_SEQ, SENTENCE_TERM_CODE, YEARS, MONTHS, START_DATE, END_DATE, LIFE_SENTENCE_FLAG) VALUES (-95, 1, 1, 'IMP', 8, 10, TO_DATE('2009-01-28', 'YYYY-MM-DD'), TO_DATE('2017-11-02', 'YYYY-MM-DD'), 'N');
INSERT INTO OFFENDER_SENT_CALCULATIONS (OFFENDER_SENT_CALCULATION_ID, OFFENDER_BOOK_ID, CALCULATION_DATE, APD_CALCULATED_DATE,  CRD_CALCULATED_DATE, SED_CALCULATED_DATE, CALC_REASON_CODE) VALUES (-95, -95, TO_DATE('2009-01-28', 'YYYY-MM-DD'), TO_DATE('2009-07-27', 'YYYY-MM-DD'),  TO_DATE('2010-01-23', 'YYYY-MM-DD'), TO_DATE('2010-07-02', 'YYYY-MM-DD'), 'NEW');
INSERT INTO OFFENDER_RELEASE_DETAILS (OFFENDER_BOOK_ID, RELEASE_DATE, COMMENT_TEXT, MOVEMENT_TYPE, MOVEMENT_REASON_CODE, EVENT_ID) VALUES (-95, TO_DATE('2021-11-01', 'YYYY-MM-DD'), null, 'REL', 'DD', 1);

INSERT INTO OFFENDER_IEP_LEVELS (OFFENDER_BOOK_ID, IEP_LEVEL_SEQ, IEP_DATE, IEP_TIME, AGY_LOC_ID, IEP_LEVEL, COMMENT_TEXT, USER_ID) VALUES (-96, 1, TO_DATE('2001-11-27', 'YYYY-MM-DD'), TO_DATE('2001-11-27 12:41:12', 'YYYY-MM-DD HH24:MI:SS'), 'AG5', 'BAS', 'Assaulted Another Inmate', 'OFFICER1');
INSERT INTO OFFENDER_SENTENCE_TERMS (OFFENDER_BOOK_ID, SENTENCE_SEQ, TERM_SEQ, SENTENCE_TERM_CODE, YEARS, MONTHS, START_DATE, END_DATE, LIFE_SENTENCE_FLAG) VALUES (-96, 1, 1, 'IMP', 8, 11, TO_DATE('2009-02-02', 'YYYY-MM-DD'), TO_DATE('2017-12-05', 'YYYY-MM-DD'), 'N');
INSERT INTO OFFENDER_SENT_CALCULATIONS (OFFENDER_SENT_CALCULATION_ID, OFFENDER_BOOK_ID, CALCULATION_DATE, APD_CALCULATED_DATE,  CRD_CALCULATED_DATE, SED_CALCULATED_DATE, CALC_REASON_CODE) VALUES (-96, -96, TO_DATE('2009-02-02', 'YYYY-MM-DD'), TO_DATE('2009-08-01', 'YYYY-MM-DD'),  TO_DATE('2010-01-28', 'YYYY-MM-DD'), TO_DATE('2010-07-07', 'YYYY-MM-DD'), 'NEW');
INSERT INTO OFFENDER_RELEASE_DETAILS (OFFENDER_BOOK_ID, RELEASE_DATE, COMMENT_TEXT, MOVEMENT_TYPE, MOVEMENT_REASON_CODE, EVENT_ID) VALUES (-96, TO_DATE('2021-12-04', 'YYYY-MM-DD'), null, 'REL', 'DD', 1);

INSERT INTO OFFENDER_IEP_LEVELS (OFFENDER_BOOK_ID, IEP_LEVEL_SEQ, IEP_DATE, IEP_TIME, AGY_LOC_ID, IEP_LEVEL, COMMENT_TEXT, USER_ID) VALUES (-97, 1, TO_DATE('2001-12-04', 'YYYY-MM-DD'), TO_DATE('2001-12-04 12:41:12', 'YYYY-MM-DD HH24:MI:SS'), 'AG5', 'BAS', 'Assaulted Another Inmate', 'OFFICER1');
INSERT INTO OFFENDER_SENTENCE_TERMS (OFFENDER_BOOK_ID, SENTENCE_SEQ, TERM_SEQ, SENTENCE_TERM_CODE, YEARS, MONTHS, START_DATE, END_DATE, LIFE_SENTENCE_FLAG) VALUES (-97, 1, 1, 'IMP', 9, 0, TO_DATE('2009-02-07', 'YYYY-MM-DD'), TO_DATE('2018-02-05', 'YYYY-MM-DD'), 'N');
INSERT INTO OFFENDER_SENT_CALCULATIONS (OFFENDER_SENT_CALCULATION_ID, OFFENDER_BOOK_ID, CALCULATION_DATE, APD_CALCULATED_DATE,  CRD_CALCULATED_DATE, SED_CALCULATED_DATE, CALC_REASON_CODE) VALUES (-97, -97, TO_DATE('2009-02-07', 'YYYY-MM-DD'), TO_DATE('2009-08-06', 'YYYY-MM-DD'),  TO_DATE('2010-02-02', 'YYYY-MM-DD'), TO_DATE('2010-07-12', 'YYYY-MM-DD'), 'NEW');
INSERT INTO OFFENDER_RELEASE_DETAILS (OFFENDER_BOOK_ID, RELEASE_DATE, COMMENT_TEXT, MOVEMENT_TYPE, MOVEMENT_REASON_CODE, EVENT_ID) VALUES (-97, TO_DATE('2022-02-04', 'YYYY-MM-DD'), null, 'REL', 'DD', 1);

INSERT INTO OFFENDER_IEP_LEVELS (OFFENDER_BOOK_ID, IEP_LEVEL_SEQ, IEP_DATE, IEP_TIME, AGY_LOC_ID, IEP_LEVEL, COMMENT_TEXT, USER_ID) VALUES (-98, 1, TO_DATE('2001-12-11', 'YYYY-MM-DD'), TO_DATE('2001-12-11 12:41:12', 'YYYY-MM-DD HH24:MI:SS'), 'AG5', 'BAS', 'Assaulted Another Inmate', 'OFFICER1');
INSERT INTO OFFENDER_SENTENCE_TERMS (OFFENDER_BOOK_ID, SENTENCE_SEQ, TERM_SEQ, SENTENCE_TERM_CODE, YEARS, MONTHS, START_DATE, END_DATE, LIFE_SENTENCE_FLAG) VALUES (-98, 1, 1, 'IMP', 9, 1, TO_DATE('2009-02-12', 'YYYY-MM-DD'), TO_DATE('2018-03-10', 'YYYY-MM-DD'), 'N');
INSERT INTO OFFENDER_SENT_CALCULATIONS (OFFENDER_SENT_CALCULATION_ID, OFFENDER_BOOK_ID, CALCULATION_DATE, APD_CALCULATED_DATE,  CRD_CALCULATED_DATE, SED_CALCULATED_DATE, CALC_REASON_CODE) VALUES (-98, -98, TO_DATE('2009-02-12', 'YYYY-MM-DD'), TO_DATE('2009-08-11', 'YYYY-MM-DD'),  TO_DATE('2010-02-07', 'YYYY-MM-DD'), TO_DATE('2010-07-17', 'YYYY-MM-DD'), 'NEW');
INSERT INTO OFFENDER_RELEASE_DETAILS (OFFENDER_BOOK_ID, RELEASE_DATE, COMMENT_TEXT, MOVEMENT_TYPE, MOVEMENT_REASON_CODE, EVENT_ID) VALUES (-98, TO_DATE('2022-03-09', 'YYYY-MM-DD'), null, 'REL', 'DD', 1);

INSERT INTO OFFENDER_IEP_LEVELS (OFFENDER_BOOK_ID, IEP_LEVEL_SEQ, IEP_DATE, IEP_TIME, AGY_LOC_ID, IEP_LEVEL, COMMENT_TEXT, USER_ID) VALUES (-99, 1, TO_DATE('2001-12-18', 'YYYY-MM-DD'), TO_DATE('2001-12-18 12:41:12', 'YYYY-MM-DD HH24:MI:SS'), 'AG5', 'BAS', 'Assaulted Another Inmate', 'OFFICER1');
INSERT INTO OFFENDER_SENTENCE_TERMS (OFFENDER_BOOK_ID, SENTENCE_SEQ, TERM_SEQ, SENTENCE_TERM_CODE, YEARS, MONTHS, START_DATE, END_DATE, LIFE_SENTENCE_FLAG) VALUES (-99, 1, 1, 'IMP', 9, 2, TO_DATE('2009-02-17', 'YYYY-MM-DD'), TO_DATE('2018-04-12', 'YYYY-MM-DD'), 'N');
INSERT INTO OFFENDER_SENT_CALCULATIONS (OFFENDER_SENT_CALCULATION_ID, OFFENDER_BOOK_ID, CALCULATION_DATE, APD_CALCULATED_DATE,  CRD_CALCULATED_DATE, SED_CALCULATED_DATE, CALC_REASON_CODE) VALUES (-99, -99, TO_DATE('2009-02-17', 'YYYY-MM-DD'), TO_DATE('2009-08-16', 'YYYY-MM-DD'),  TO_DATE('2010-02-12', 'YYYY-MM-DD'), TO_DATE('2010-07-22', 'YYYY-MM-DD'), 'NEW');
INSERT INTO OFFENDER_RELEASE_DETAILS (OFFENDER_BOOK_ID, RELEASE_DATE, COMMENT_TEXT, MOVEMENT_TYPE, MOVEMENT_REASON_CODE, EVENT_ID) VALUES (-99, TO_DATE('2022-04-11', 'YYYY-MM-DD'), null, 'REL', 'DD', 1);

INSERT INTO OFFENDER_IEP_LEVELS (OFFENDER_BOOK_ID, IEP_LEVEL_SEQ, IEP_DATE, IEP_TIME, AGY_LOC_ID, IEP_LEVEL, COMMENT_TEXT, USER_ID) VALUES (-100, 1, TO_DATE('2001-12-25', 'YYYY-MM-DD'), TO_DATE('2001-12-25 12:41:12', 'YYYY-MM-DD HH24:MI:SS'), 'AG5', 'BAS', 'Assaulted Another Inmate', 'OFFICER1');
INSERT INTO OFFENDER_SENTENCE_TERMS (OFFENDER_BOOK_ID, SENTENCE_SEQ, TERM_SEQ, SENTENCE_TERM_CODE, YEARS, MONTHS, START_DATE, END_DATE, LIFE_SENTENCE_FLAG) VALUES (-100, 1, 1, 'IMP', 9, 3, TO_DATE('2009-02-22', 'YYYY-MM-DD'), TO_DATE('2018-05-15', 'YYYY-MM-DD'), 'N');
INSERT INTO OFFENDER_SENT_CALCULATIONS (OFFENDER_SENT_CALCULATION_ID, OFFENDER_BOOK_ID, CALCULATION_DATE, APD_CALCULATED_DATE,  CRD_CALCULATED_DATE, SED_CALCULATED_DATE, CALC_REASON_CODE) VALUES (-100, -100, TO_DATE('2009-02-22', 'YYYY-MM-DD'), TO_DATE('2009-08-21', 'YYYY-MM-DD'),  TO_DATE('2010-02-17', 'YYYY-MM-DD'), TO_DATE('2010-07-27', 'YYYY-MM-DD'), 'NEW');
INSERT INTO OFFENDER_RELEASE_DETAILS (OFFENDER_BOOK_ID, RELEASE_DATE, COMMENT_TEXT, MOVEMENT_TYPE, MOVEMENT_REASON_CODE, EVENT_ID) VALUES (-100, TO_DATE('2022-05-14', 'YYYY-MM-DD'), null, 'REL', 'DD', 1);
