INSERT INTO AGENCY_LOCATIONS (AGY_LOC_ID, DESCRIPTION, AGENCY_LOCATION_TYPE, ACTIVE_FLAG) VALUES ('AG1', 'Radcliff Prison', 'INST', 'Y');
INSERT INTO AGENCY_LOCATIONS (AGY_LOC_ID, DESCRIPTION, AGENCY_LOCATION_TYPE, ACTIVE_FLAG) VALUES ('AG2', 'Averill Prison', 'INST', 'Y');
INSERT INTO AGENCY_LOCATIONS (AGY_LOC_ID, DESCRIPTION, AGENCY_LOCATION_TYPE, ACTIVE_FLAG) VALUES ('AG3', 'Devan Prison', 'INST', 'Y');
INSERT INTO AGENCY_LOCATIONS (AGY_LOC_ID, DESCRIPTION, AGENCY_LOCATION_TYPE, ACTIVE_FLAG) VALUES ('AG4', 'Felix Prison', 'INST', 'Y');
INSERT INTO AGENCY_LOCATIONS (AGY_LOC_ID, DESCRIPTION, AGENCY_LOCATION_TYPE, ACTIVE_FLAG) VALUES ('AG5', 'Braeden Prison', 'INST', 'Y');

INSERT INTO AGENCY_LOCATIONS (AGY_LOC_ID, DESCRIPTION, AGENCY_LOCATION_TYPE, ACTIVE_FLAG) VALUES ('TRN', 'Transfer', 'INST', 'Y');
INSERT INTO AGENCY_LOCATIONS (AGY_LOC_ID, DESCRIPTION, AGENCY_LOCATION_TYPE, ACTIVE_FLAG) VALUES ('OUT', 'Outside', 'INST', 'Y');

INSERT INTO AGENCY_LOCATIONS (AGY_LOC_ID, DESCRIPTION, AGENCY_LOCATION_TYPE, ACTIVE_FLAG) VALUES ('COURT1', 'Court 1', 'CRT', 'Y');


INSERT INTO CASELOADS (CASELOAD_ID, DESCRIPTION, CASELOAD_TYPE, LIST_SEQ, TRUST_ACCOUNTS_FLAG, ACCESS_PROPERTY_FLAG, ACTIVE_FLAG, CASELOAD_FUNCTION) VALUES ('AG1', 'Radcliff Prison', 'INST', 1, 'N', 'Y', 'Y', 'DUMMY');
INSERT INTO CASELOADS (CASELOAD_ID, DESCRIPTION, CASELOAD_TYPE, LIST_SEQ, TRUST_ACCOUNTS_FLAG, ACCESS_PROPERTY_FLAG, ACTIVE_FLAG, CASELOAD_FUNCTION) VALUES ('AG2', 'Averill Prison', 'INST', 2, 'N', 'Y', 'Y', 'DUMMY');
INSERT INTO CASELOADS (CASELOAD_ID, DESCRIPTION, CASELOAD_TYPE, LIST_SEQ, TRUST_ACCOUNTS_FLAG, ACCESS_PROPERTY_FLAG, ACTIVE_FLAG, CASELOAD_FUNCTION) VALUES ('AG3', 'Devan Prison', 'INST', 3, 'N', 'Y', 'Y', 'DUMMY');
INSERT INTO CASELOADS (CASELOAD_ID, DESCRIPTION, CASELOAD_TYPE, LIST_SEQ, TRUST_ACCOUNTS_FLAG, ACCESS_PROPERTY_FLAG, ACTIVE_FLAG, CASELOAD_FUNCTION) VALUES ('AG4', 'Felix Prison', 'INST', 4, 'N', 'Y', 'Y', 'DUMMY');
INSERT INTO CASELOADS (CASELOAD_ID, DESCRIPTION, CASELOAD_TYPE, LIST_SEQ, TRUST_ACCOUNTS_FLAG, ACCESS_PROPERTY_FLAG, ACTIVE_FLAG, CASELOAD_FUNCTION) VALUES ('AG5', 'Braeden Prison', 'INST', 5, 'N', 'Y', 'Y', 'DUMMY');


INSERT INTO CASELOAD_AGENCY_LOCATIONS (CASELOAD_ID, AGY_LOC_ID) VALUES ('AG1', 'AG1');
INSERT INTO CASELOAD_AGENCY_LOCATIONS (CASELOAD_ID, AGY_LOC_ID) VALUES ('AG1', 'OUT');
INSERT INTO CASELOAD_AGENCY_LOCATIONS (CASELOAD_ID, AGY_LOC_ID) VALUES ('AG1', 'TRN');
INSERT INTO CASELOAD_AGENCY_LOCATIONS (CASELOAD_ID, AGY_LOC_ID) VALUES ('AG2', 'AG2');
INSERT INTO CASELOAD_AGENCY_LOCATIONS (CASELOAD_ID, AGY_LOC_ID) VALUES ('AG2', 'OUT');
INSERT INTO CASELOAD_AGENCY_LOCATIONS (CASELOAD_ID, AGY_LOC_ID) VALUES ('AG2', 'TRN');
INSERT INTO CASELOAD_AGENCY_LOCATIONS (CASELOAD_ID, AGY_LOC_ID) VALUES ('AG3', 'AG3');
INSERT INTO CASELOAD_AGENCY_LOCATIONS (CASELOAD_ID, AGY_LOC_ID) VALUES ('AG3', 'OUT');
INSERT INTO CASELOAD_AGENCY_LOCATIONS (CASELOAD_ID, AGY_LOC_ID) VALUES ('AG3', 'TRN');
INSERT INTO CASELOAD_AGENCY_LOCATIONS (CASELOAD_ID, AGY_LOC_ID) VALUES ('AG4', 'AG4');
INSERT INTO CASELOAD_AGENCY_LOCATIONS (CASELOAD_ID, AGY_LOC_ID) VALUES ('AG4', 'OUT');
INSERT INTO CASELOAD_AGENCY_LOCATIONS (CASELOAD_ID, AGY_LOC_ID) VALUES ('AG4', 'TRN');
INSERT INTO CASELOAD_AGENCY_LOCATIONS (CASELOAD_ID, AGY_LOC_ID) VALUES ('AG5', 'AG5');
INSERT INTO CASELOAD_AGENCY_LOCATIONS (CASELOAD_ID, AGY_LOC_ID) VALUES ('AG5', 'OUT');
INSERT INTO CASELOAD_AGENCY_LOCATIONS (CASELOAD_ID, AGY_LOC_ID) VALUES ('AG5', 'TRN');


