CREATE USER "itag_user" PASSWORD 'password';
CREATE USER "elite2_api_user" PASSWORD 'password';
CREATE USER "api_test_user" PASSWORD 'password';

INSERT INTO OMS_ROLES (ROLE_ID, ROLE_NAME, ROLE_SEQ, ROLE_CODE, PARENT_ROLE_CODE) VALUES ( -1, 'Administrator', 1, 'ADMIN', null);
INSERT INTO OMS_ROLES (ROLE_ID, ROLE_NAME, ROLE_SEQ, ROLE_CODE, PARENT_ROLE_CODE) VALUES ( -2, 'Wing Officer', 1, 'WING_OFF', null);

INSERT INTO STAFF_MEMBERS (STAFF_ID, ASSIGNED_CASELOAD_ID, WORKING_CASELOAD_ID, LAST_NAME, FIRST_NAME, MIDDLE_NAME)
VALUES (-1, 'LEI', 'LEI', 'User', 'Elite2', 'API');
INSERT INTO STAFF_MEMBERS (STAFF_ID, ASSIGNED_CASELOAD_ID, WORKING_CASELOAD_ID, LAST_NAME, FIRST_NAME, MIDDLE_NAME)
VALUES (-2, 'LEI', 'LEI', 'User', 'API', 'ITAG');
INSERT INTO STAFF_MEMBERS (STAFF_ID, ASSIGNED_CASELOAD_ID, WORKING_CASELOAD_ID, LAST_NAME, FIRST_NAME, MIDDLE_NAME)
VALUES (-3, 'LEI', 'LEI', 'Member', 'Staff', null);
INSERT INTO STAFF_MEMBERS (STAFF_ID, ASSIGNED_CASELOAD_ID, WORKING_CASELOAD_ID, LAST_NAME, FIRST_NAME, MIDDLE_NAME)
VALUES (-4, 'MUL', 'MUL', 'User', 'Test', null);

INSERT INTO STAFF_MEMBER_ROLES (ROLE_ID, STAFF_ID, ROLE_CODE) VALUES (-1, -1, 'ADMIN');
INSERT INTO STAFF_MEMBER_ROLES (ROLE_ID, STAFF_ID, ROLE_CODE) VALUES (-2, -2, 'WING_OFF');
INSERT INTO STAFF_MEMBER_ROLES (ROLE_ID, STAFF_ID, ROLE_CODE) VALUES (-2, -4, 'WING_OFF');

INSERT INTO INTERNET_ADDRESSES (INTERNET_ADDRESS_ID, OWNER_ID, OWNER_CLASS, INTERNET_ADDRESS_CLASS, INTERNET_ADDRESS)
VALUES (-1, -1, 'STF', 'EMAIL', 'elite2-api-user@syscon.net');
INSERT INTO INTERNET_ADDRESSES (INTERNET_ADDRESS_ID, OWNER_ID, OWNER_CLASS, INTERNET_ADDRESS_CLASS, INTERNET_ADDRESS)
VALUES (-2, -2, 'STF', 'EMAIL', 'itaguser@syscon.net');

INSERT INTO USER_CASELOAD_ROLES (ROLE_ID, USERNAME, CASELOAD_ID) VALUES (-1, 'elite2_api_user', 'LEI');
INSERT INTO USER_CASELOAD_ROLES (ROLE_ID, USERNAME, CASELOAD_ID) VALUES (-2, 'itag_user', 'LEI');
INSERT INTO USER_CASELOAD_ROLES (ROLE_ID, USERNAME, CASELOAD_ID) VALUES (-2, 'itag_user', 'WAI');
INSERT INTO USER_CASELOAD_ROLES (ROLE_ID, USERNAME, CASELOAD_ID) VALUES (-2, 'itag_user', 'BXI');
INSERT INTO USER_CASELOAD_ROLES (ROLE_ID, USERNAME, CASELOAD_ID) VALUES (-2, 'api_test_user', 'MUL');

INSERT INTO STAFF_USER_ACCOUNTS (USERNAME, STAFF_ID, STAFF_USER_TYPE, ID_SOURCE, WORKING_CASELOAD_ID) VALUES ('elite2_api_user', -1, 'GENERAL', 'USER', 'LEI');
INSERT INTO STAFF_USER_ACCOUNTS (USERNAME, STAFF_ID, STAFF_USER_TYPE, ID_SOURCE, WORKING_CASELOAD_ID) VALUES ('itag_user', -2, 'GENERAL', 'USER', 'LEI');
INSERT INTO STAFF_USER_ACCOUNTS (USERNAME, STAFF_ID, STAFF_USER_TYPE, ID_SOURCE, WORKING_CASELOAD_ID) VALUES ('api_test_user', -4, 'GENERAL', 'USER', 'MUL');
