
INSERT INTO AGENCY_LOCATIONS (AGY_LOC_ID, DESCRIPTION, AGENCY_LOCATION_TYPE, ACTIVE_FLAG)
VALUES ('BXI', 'BRIXTON', 'INST', 'Y'),
       ('BMI', 'BIRMINGHAM', 'INST', 'Y'),
       ('LEI', 'LEEDS', 'INST', 'Y'),
       ('WAI', 'THE WEARE', 'INST', 'Y'),
       ('OUT', 'OUTSIDE', 'INST', 'Y'),
       ('TRN', 'TRANSFER', 'INST', 'Y'),
       ('MDI', 'MOORLAND', 'INST', 'Y'),
       ('MUL', 'MUL', 'INST', 'Y'),
       ('ZZGHI', 'GHOST', 'INST', 'N'),
       ('COURT1', 'Court 1', 'CRT', 'Y'),
       ('ABDRCT', 'Court 2', 'CRT', 'Y'),
       ('TRO', 'TROOM', 'INST', 'Y');

INSERT INTO CASELOAD_AGENCY_LOCATIONS (CASELOAD_ID, AGY_LOC_ID)
VALUES ('BXI', 'BXI'),
       ('BXI', 'OUT'),
       ('BXI', 'TRN'),
       ('LEI', 'LEI'),
       ('LEI', 'OUT'),
       ('LEI', 'TRN'),
       ('MDI', 'MDI'),
       ('WAI', 'WAI'),
       ('WAI', 'OUT'),
       ('WAI', 'TRN'),
       ('ZZGHI', 'WAI'),
       ('ZZGHI', 'OUT'),
       ('ZZGHI', 'TRN');

-- These insertions represent association of multiple agencies to a single location
INSERT INTO CASELOAD_AGENCY_LOCATIONS (CASELOAD_ID, AGY_LOC_ID)
VALUES ('MUL', 'BXI'),
       ('MUL', 'LEI'),
       ('MUL', 'OUT'),
       ('MUL', 'TRN');

INSERT INTO AGENCY_INTERNAL_LOCATIONS (INTERNAL_LOCATION_ID, INTERNAL_LOCATION_CODE, INTERNAL_LOCATION_TYPE, AGY_LOC_ID, DESCRIPTION, PARENT_INTERNAL_LOCATION_ID, USER_DESC)
VALUES (-1, 'A', 'WING', 'LEI', 'LEI-A', null, 'Block A'),
       (-2, '1', 'LAND', 'LEI', 'LEI-A-1', -1, 'Landing A/1'),
       (-3, '1', 'CELL', 'LEI', 'LEI-A-1-1', -2, null),
       (-4, '2', 'CELL', 'LEI', 'LEI-A-1-2', -2, null),
       (-5, '3', 'CELL', 'LEI', 'LEI-A-1-3', -2, null),
       (-6, '4', 'CELL', 'LEI', 'LEI-A-1-4', -2, null),
       (-7, '5', 'CELL', 'LEI', 'LEI-A-1-5', -2, null),
       (-8, '6', 'CELL', 'LEI', 'LEI-A-1-6', -2, null),
       (-9, '7', 'CELL', 'LEI', 'LEI-A-1-7', -2, null),
       (-10, '8', 'CELL', 'LEI', 'LEI-A-1-8', -2, null),
       (-11, '9', 'CELL', 'LEI', 'LEI-A-1-9', -2, null),
       (-12, '10', 'CELL', 'LEI', 'LEI-A-1-10', -2, null),
       (-13, 'H', 'WING', 'LEI', 'LEI-H', null, 'Block H'),
       (-14, '1', 'LAND', 'LEI', 'LEI-H-1', -13, 'Landing H/1'),
       (-15, '1', 'CELL', 'LEI', 'LEI-H-1-1', -14, null),
       (-16, '2', 'CELL', 'LEI', 'LEI-H-1-2', -14, null),
       (-17, '3', 'CELL', 'LEI', 'LEI-H-1-3', -14, null),
       (-18, '4', 'CELL', 'LEI', 'LEI-H-1-4', -14, null),
       (-19, '5', 'CELL', 'LEI', 'LEI-H-1-5', -14, null),
       (-20, '6', 'CELL', 'LEI', 'LEI-H-1-6', -14, null),
       (-21, '7', 'CELL', 'LEI', 'LEI-H-1-7', -14, null),
       (-22, '8', 'CELL', 'LEI', 'LEI-H-1-8', -14, null),
       (-23, '9', 'CELL', 'LEI', 'LEI-H-1-9', -14, null),
       (-24, '10', 'CELL', 'LEI', 'LEI-H-1-10', -14, null),
       (-25, 'CHAP', 'AREA', 'LEI', 'LEI-CHAP', null, 'Chapel'),
       (-26, 'CARP', 'WSHP', 'LEI', 'LEI-CARP', null, 'Carpentry Workshop'),
       (-27, 'CRM1', 'CLAS', 'LEI', 'LEI-CRM1', null, 'Classroom 1'),
       (-28, 'VIS', 'VISIT', 'LEI', 'LEI-VIS', null, 'Visiting Room'),
       (-29, 'MED', 'AREA', 'LEI', 'LEI-MED', null, 'Medical Centre'),
       (-30, 'A', 'WING', 'ZZGHI', 'ZZGHI-A', null, 'Block A'),
       -- Moorland
       (-41, '1', 'CELL', 'MDI', 'MDI-1-1-001', null, null),
       (-42, '1', 'CELL', 'MDI', 'MDI-1-1-002', null, null),
       (-43, '1', 'CELL', 'MDI', 'MDI-1-1-003', null, null),
       (-44, '1', 'CELL', 'MDI', 'MDI-1-1-004', null, null),
       (-45, '1', 'CELL', 'MDI', 'MDI-1-1-005', null, null),
       (-46, '1', 'CELL', 'MDI', 'MDI-1-1-006', null, null),
       (-47, '1', 'CELL', 'MDI', 'MDI-1-1-007', null, null),
       (-48, '1', 'CELL', 'MDI', 'MDI-1-1-008', null, null),
       (-49, '1', 'CELL', 'MDI', 'MDI-1-1-009', null, null),
       (-50, '1', 'CELL', 'MDI', 'MDI-1-1-010', null, null),
       (-51, '1', 'CELL', 'MDI', 'MDI-1-1-011', null, null),
       (-52, '1', 'CELL', 'MDI', 'MDI-1-1-012', null, null),
       (-53, '1', 'CELL', 'MDI', 'MDI-1-1-013', null, null),
       (-54, '1', 'CELL', 'MDI', 'MDI-1-1-014', null, null),
       (-55, '1', 'CELL', 'MDI', 'MDI-1-1-015', null, null),
       (-56, '1', 'CELL', 'MDI', 'MDI-1-1-016', null, null),
       (-57, '1', 'CELL', 'MDI', 'MDI-1-1-017', null, null),
       (-58, '1', 'CELL', 'MDI', 'MDI-1-1-018', null, null),
       (-59, '1', 'CELL', 'MDI', 'MDI-1-1-019', null, null),
       (-60, '1', 'CELL', 'MDI', 'MDI-1-1-020', null, null),
       (-61, '1', 'CELL', 'MDI', 'MDI-1-1-021', null, null),
       (-62, '1', 'CELL', 'MDI', 'MDI-1-1-022', null, null),
       (-63, '1', 'CELL', 'MDI', 'MDI-1-1-023', null, null),
       (-64, '1', 'CELL', 'MDI', 'MDI-1-1-024', null, null),
       (-65, '1', 'CELL', 'MDI', 'MDI-1-1-025', null, null),
       (-66, '1', 'CELL', 'MDI', 'MDI-1-1-026', null, null),
       (-67, '1', 'CELL', 'MDI', 'MDI-1-1-027', null, null),
       (-68, '1', 'CELL', 'MDI', 'MDI-1-1-028', null, null),
       (-69, '1', 'CELL', 'MDI', 'MDI-1-1-029', null, null),
       (-70, '1', 'CELL', 'MDI', 'MDI-1-1-030', null, null),
       (-71, '1', 'CELL', 'MDI', 'MDI-1-1-031', null, null),
       (-72, '1', 'CELL', 'MDI', 'MDI-1-1-032', null, null),
       (-73, '1', 'CELL', 'MDI', 'MDI-1-1-033', null, null),
       (-74, '1', 'CELL', 'MDI', 'MDI-1-1-034', null, null),
       (-75, '1', 'CELL', 'MDI', 'MDI-1-1-035', null, null),
       (-76, '1', 'CELL', 'MDI', 'MDI-1-1-036', null, null),
       (-77, '1', 'CELL', 'MDI', 'MDI-1-1-037', null, null),
       (-78, '1', 'CELL', 'MDI', 'MDI-1-1-038', null, null),
       
       (-101, '1', 'CELL', 'MDI', 'MDI-1-2-001', null, null),
       (-102, '1', 'CELL', 'MDI', 'MDI-1-2-002', null, null),
       (-103, '1', 'CELL', 'MDI', 'MDI-1-2-003', null, null),
       (-104, '1', 'CELL', 'MDI', 'MDI-1-2-004', null, null),
       (-105, '1', 'CELL', 'MDI', 'MDI-1-2-005', null, null),
       (-106, '1', 'CELL', 'MDI', 'MDI-1-2-006', null, null),
       (-107, '1', 'CELL', 'MDI', 'MDI-1-2-007', null, null),
       (-108, '1', 'CELL', 'MDI', 'MDI-1-2-008', null, null),
       (-109, '1', 'CELL', 'MDI', 'MDI-1-2-009', null, null),
       (-110, '1', 'CELL', 'MDI', 'MDI-1-2-010', null, null),
       (-111, '1', 'CELL', 'MDI', 'MDI-1-2-011', null, null),
       (-112, '1', 'CELL', 'MDI', 'MDI-1-2-012', null, null),
       (-113, '1', 'CELL', 'MDI', 'MDI-1-2-013', null, null),
       (-114, '1', 'CELL', 'MDI', 'MDI-1-2-014', null, null),
       (-115, '1', 'CELL', 'MDI', 'MDI-1-2-015', null, null),
       (-116, '1', 'CELL', 'MDI', 'MDI-1-2-016', null, null),
       (-117, '1', 'CELL', 'MDI', 'MDI-1-2-017', null, null),
       (-118, '1', 'CELL', 'MDI', 'MDI-1-2-018', null, null),
       (-119, '1', 'CELL', 'MDI', 'MDI-1-2-019', null, null),
       (-120, '1', 'CELL', 'MDI', 'MDI-1-2-020', null, null),
       (-121, '1', 'CELL', 'MDI', 'MDI-1-2-021', null, null),
       (-122, '1', 'CELL', 'MDI', 'MDI-1-2-022', null, null),
       (-123, '1', 'CELL', 'MDI', 'MDI-1-2-023', null, null),
       (-124, '1', 'CELL', 'MDI', 'MDI-1-2-024', null, null),
       (-125, '1', 'CELL', 'MDI', 'MDI-1-2-025', null, null),
       (-126, '1', 'CELL', 'MDI', 'MDI-1-2-026', null, null),
       (-127, '1', 'CELL', 'MDI', 'MDI-1-2-027', null, null),
       (-128, '1', 'CELL', 'MDI', 'MDI-1-2-028', null, null),
       (-129, '1', 'CELL', 'MDI', 'MDI-1-2-029', null, null),
       (-130, '1', 'CELL', 'MDI', 'MDI-1-2-030', null, null),
       (-131, '1', 'CELL', 'MDI', 'MDI-1-2-031', null, null),
       (-132, '1', 'CELL', 'MDI', 'MDI-1-2-032', null, null),
       (-133, '1', 'CELL', 'MDI', 'MDI-1-2-033', null, null),
       (-134, '1', 'CELL', 'MDI', 'MDI-1-2-034', null, null),
       (-135, '1', 'CELL', 'MDI', 'MDI-1-2-035', null, null),
       (-136, '1', 'CELL', 'MDI', 'MDI-1-2-036', null, null),
       (-137, '1', 'CELL', 'MDI', 'MDI-1-2-037', null, null),
       (-138, '1', 'CELL', 'MDI', 'MDI-1-2-038', null, null),
       
       (-141, '1', 'CELL', 'MDI', 'MDI-1-3-001', null, null),
       (-142, '1', 'CELL', 'MDI', 'MDI-1-3-002', null, null),
       (-143, '1', 'CELL', 'MDI', 'MDI-1-3-003', null, null),
       (-144, '1', 'CELL', 'MDI', 'MDI-1-3-004', null, null),
       (-145, '1', 'CELL', 'MDI', 'MDI-1-3-005', null, null),
       (-146, '1', 'CELL', 'MDI', 'MDI-1-3-006', null, null),
       (-147, '1', 'CELL', 'MDI', 'MDI-1-3-007', null, null),
       (-148, '1', 'CELL', 'MDI', 'MDI-1-3-008', null, null),
       (-149, '1', 'CELL', 'MDI', 'MDI-1-3-009', null, null),
       (-150, '1', 'CELL', 'MDI', 'MDI-1-3-010', null, null),
       (-151, '1', 'CELL', 'MDI', 'MDI-1-3-011', null, null),
       (-152, '1', 'CELL', 'MDI', 'MDI-1-3-012', null, null),
       (-153, '1', 'CELL', 'MDI', 'MDI-1-3-013', null, null),
       (-154, '1', 'CELL', 'MDI', 'MDI-1-3-014', null, null),
       (-155, '1', 'CELL', 'MDI', 'MDI-1-3-015', null, null),
       (-156, '1', 'CELL', 'MDI', 'MDI-1-3-016', null, null),
       (-157, '1', 'CELL', 'MDI', 'MDI-1-3-017', null, null),
       (-158, '1', 'CELL', 'MDI', 'MDI-1-3-018', null, null),
       (-159, '1', 'CELL', 'MDI', 'MDI-1-3-019', null, null),
       (-160, '1', 'CELL', 'MDI', 'MDI-1-3-020', null, null),
       (-161, '1', 'CELL', 'MDI', 'MDI-1-3-021', null, null),
       (-162, '1', 'CELL', 'MDI', 'MDI-1-3-022', null, null),
       (-163, '1', 'CELL', 'MDI', 'MDI-1-3-023', null, null),
       (-164, '1', 'CELL', 'MDI', 'MDI-1-3-024', null, null),
       (-165, '1', 'CELL', 'MDI', 'MDI-1-3-025', null, null),
       (-166, '1', 'CELL', 'MDI', 'MDI-1-3-026', null, null),
       (-167, '1', 'CELL', 'MDI', 'MDI-1-3-027', null, null),
       (-168, '1', 'CELL', 'MDI', 'MDI-1-3-028', null, null),
       (-169, '1', 'CELL', 'MDI', 'MDI-1-3-029', null, null),
       (-170, '1', 'CELL', 'MDI', 'MDI-1-3-030', null, null),
       (-171, '1', 'CELL', 'MDI', 'MDI-1-3-031', null, null),
       (-172, '1', 'CELL', 'MDI', 'MDI-1-3-032', null, null),
       (-173, '1', 'CELL', 'MDI', 'MDI-1-3-033', null, null),
       (-174, '1', 'CELL', 'MDI', 'MDI-1-3-034', null, null),
       (-175, '1', 'CELL', 'MDI', 'MDI-1-3-035', null, null),
       (-176, '1', 'CELL', 'MDI', 'MDI-1-3-036', null, null),
       (-177, '1', 'CELL', 'MDI', 'MDI-1-3-037', null, null),
       (-178, '1', 'CELL', 'MDI', 'MDI-1-3-038', null, null);