INSERT INTO STAFF_MEMBERS (STAFF_ID, ASSIGNED_CASELOAD_ID, WORKING_CASELOAD_ID, USER_ID, LAST_NAME, FIRST_NAME, MIDDLE_NAME, PERSONNEL_TYPE)
VALUES (-1, 'LEI', 'LEI', 'ELITE2_API_USER', 'User', 'Elite2', 'API', 'STAFF');
INSERT INTO STAFF_MEMBERS (STAFF_ID, ASSIGNED_CASELOAD_ID, WORKING_CASELOAD_ID, USER_ID, LAST_NAME, FIRST_NAME, MIDDLE_NAME, PERSONNEL_TYPE)
VALUES (-2, 'LEI', 'LEI', 'ITAG_USER', 'User', 'API', 'ITAG', 'STAFF');
INSERT INTO STAFF_MEMBERS (STAFF_ID, ASSIGNED_CASELOAD_ID, WORKING_CASELOAD_ID, USER_ID, LAST_NAME, FIRST_NAME, MIDDLE_NAME, PERSONNEL_TYPE)
VALUES (-3, 'LEI', 'LEI', 'HPA_USER', 'User', 'HPA', null, 'STAFF');
INSERT INTO STAFF_MEMBERS (STAFF_ID, ASSIGNED_CASELOAD_ID, WORKING_CASELOAD_ID, USER_ID, LAST_NAME, FIRST_NAME, MIDDLE_NAME, PERSONNEL_TYPE)
VALUES (-4, 'MUL', 'MUL', 'API_TEST_USER', 'User', 'Test', null, 'STAFF');
INSERT INTO STAFF_MEMBERS (STAFF_ID, ASSIGNED_CASELOAD_ID, WORKING_CASELOAD_ID, LAST_NAME, FIRST_NAME, MIDDLE_NAME, PERSONNEL_TYPE)
VALUES (-5, 'LEI', 'LEI', 'User', 'Another', 'Test', 'STAFF');
INSERT INTO STAFF_MEMBERS (STAFF_ID, ASSIGNED_CASELOAD_ID, WORKING_CASELOAD_ID, LAST_NAME, FIRST_NAME, MIDDLE_NAME, PERSONNEL_TYPE)
VALUES (-6, 'MDI', 'MDI', 'Officer1', 'Wing', null, 'STAFF');
INSERT INTO STAFF_MEMBERS (STAFF_ID, ASSIGNED_CASELOAD_ID, WORKING_CASELOAD_ID, LAST_NAME, FIRST_NAME, MIDDLE_NAME, PERSONNEL_TYPE)
VALUES (-7, 'BXI', 'BXI', 'Officer2', 'Wing', null, 'STAFF');
INSERT INTO STAFF_MEMBERS (STAFF_ID, ASSIGNED_CASELOAD_ID, WORKING_CASELOAD_ID, LAST_NAME, FIRST_NAME, MIDDLE_NAME, PERSONNEL_TYPE)
VALUES (-8, 'WAI', 'WAI', 'Officer3', 'Wing', null, 'STAFF');
INSERT INTO STAFF_MEMBERS (STAFF_ID, ASSIGNED_CASELOAD_ID, WORKING_CASELOAD_ID, LAST_NAME, FIRST_NAME, MIDDLE_NAME, PERSONNEL_TYPE)
VALUES (-9, 'SYI', 'SYI', 'Officer4', 'Wing', null, 'STAFF');

INSERT INTO STAFF_MEMBER_ROLES (ROLE_ID, STAFF_ID, ROLE_CODE) VALUES (-1, -1, 'SYSTEM_USER');
INSERT INTO STAFF_MEMBER_ROLES (ROLE_ID, STAFF_ID, ROLE_CODE) VALUES (-2, -2, 'WING_OFF');
INSERT INTO STAFF_MEMBER_ROLES (ROLE_ID, STAFF_ID, ROLE_CODE) VALUES (-2, -3, 'WING_OFF');
INSERT INTO STAFF_MEMBER_ROLES (ROLE_ID, STAFF_ID, ROLE_CODE) VALUES (-1, -3, 'SYSTEM_USER');
INSERT INTO STAFF_MEMBER_ROLES (ROLE_ID, STAFF_ID, ROLE_CODE) VALUES (-2, -4, 'WING_OFF');
INSERT INTO STAFF_MEMBER_ROLES (ROLE_ID, STAFF_ID, ROLE_CODE) VALUES (-2, -5, 'WING_OFF');
INSERT INTO STAFF_MEMBER_ROLES (ROLE_ID, STAFF_ID, ROLE_CODE) VALUES (-2, -6, 'WING_OFF');
INSERT INTO STAFF_MEMBER_ROLES (ROLE_ID, STAFF_ID, ROLE_CODE) VALUES (-2, -7, 'WING_OFF');
INSERT INTO STAFF_MEMBER_ROLES (ROLE_ID, STAFF_ID, ROLE_CODE) VALUES (-2, -8, 'WING_OFF');
INSERT INTO STAFF_MEMBER_ROLES (ROLE_ID, STAFF_ID, ROLE_CODE) VALUES (-2, -9, 'WING_OFF');

INSERT INTO STAFF_ACCESSIBLE_CASELOADS (CASELOAD_ID, STAFF_ID) VALUES ('LEI', -1);
INSERT INTO STAFF_ACCESSIBLE_CASELOADS (CASELOAD_ID, STAFF_ID) VALUES ('MDI', -2);
INSERT INTO STAFF_ACCESSIBLE_CASELOADS (CASELOAD_ID, STAFF_ID) VALUES ('LEI', -2);
INSERT INTO STAFF_ACCESSIBLE_CASELOADS (CASELOAD_ID, STAFF_ID) VALUES ('WAI', -2);
INSERT INTO STAFF_ACCESSIBLE_CASELOADS (CASELOAD_ID, STAFF_ID) VALUES ('BXI', -2);
INSERT INTO STAFF_ACCESSIBLE_CASELOADS (CASELOAD_ID, STAFF_ID) VALUES ('SYI', -2);
INSERT INTO STAFF_ACCESSIBLE_CASELOADS (CASELOAD_ID, STAFF_ID) VALUES ('LEI', -3);
INSERT INTO STAFF_ACCESSIBLE_CASELOADS (CASELOAD_ID, STAFF_ID) VALUES ('MUL', -4);
