INSERT INTO AGENCY_LOCATIONS (AGY_LOC_ID, DESCRIPTION, AGENCY_LOCATION_TYPE, ACTIVE_FLAG) VALUES ('BXI', 'BRIXTON', 'INST', 'Y');
INSERT INTO AGENCY_LOCATIONS (AGY_LOC_ID, DESCRIPTION, AGENCY_LOCATION_TYPE, ACTIVE_FLAG) VALUES ('LEI', 'LEEDS', 'INST', 'Y');
INSERT INTO AGENCY_LOCATIONS (AGY_LOC_ID, DESCRIPTION, AGENCY_LOCATION_TYPE, ACTIVE_FLAG) VALUES ('WAI', 'THE WEARE', 'INST', 'Y');
INSERT INTO AGENCY_LOCATIONS (AGY_LOC_ID, DESCRIPTION, AGENCY_LOCATION_TYPE, ACTIVE_FLAG) VALUES ('OUT', 'OUTSIDE', 'INST', 'Y');
INSERT INTO AGENCY_LOCATIONS (AGY_LOC_ID, DESCRIPTION, AGENCY_LOCATION_TYPE, ACTIVE_FLAG) VALUES ('TRN', 'TRANSFER', 'INST', 'Y');
INSERT INTO AGENCY_LOCATIONS (AGY_LOC_ID, DESCRIPTION, AGENCY_LOCATION_TYPE, ACTIVE_FLAG) VALUES ('ZZGHI', 'GHOST', 'INST', 'N');

INSERT INTO CASELOAD_AGENCY_LOCATIONS (CASELOAD_ID, AGY_LOC_ID) VALUES ('BXI', 'BXI');
INSERT INTO CASELOAD_AGENCY_LOCATIONS (CASELOAD_ID, AGY_LOC_ID) VALUES ('BXI', 'OUT');
INSERT INTO CASELOAD_AGENCY_LOCATIONS (CASELOAD_ID, AGY_LOC_ID) VALUES ('BXI', 'TRN');
INSERT INTO CASELOAD_AGENCY_LOCATIONS (CASELOAD_ID, AGY_LOC_ID) VALUES ('LEI', 'LEI');
INSERT INTO CASELOAD_AGENCY_LOCATIONS (CASELOAD_ID, AGY_LOC_ID) VALUES ('LEI', 'OUT');
INSERT INTO CASELOAD_AGENCY_LOCATIONS (CASELOAD_ID, AGY_LOC_ID) VALUES ('LEI', 'TRN');
INSERT INTO CASELOAD_AGENCY_LOCATIONS (CASELOAD_ID, AGY_LOC_ID) VALUES ('WAI', 'WAI');
INSERT INTO CASELOAD_AGENCY_LOCATIONS (CASELOAD_ID, AGY_LOC_ID) VALUES ('WAI', 'OUT');
INSERT INTO CASELOAD_AGENCY_LOCATIONS (CASELOAD_ID, AGY_LOC_ID) VALUES ('WAI', 'TRN');
INSERT INTO CASELOAD_AGENCY_LOCATIONS (CASELOAD_ID, AGY_LOC_ID) VALUES ('ZZGHI', 'WAI');
INSERT INTO CASELOAD_AGENCY_LOCATIONS (CASELOAD_ID, AGY_LOC_ID) VALUES ('ZZGHI', 'OUT');
INSERT INTO CASELOAD_AGENCY_LOCATIONS (CASELOAD_ID, AGY_LOC_ID) VALUES ('ZZGHI', 'TRN');

-- These insertions represent association of multiple agencies to a single location
INSERT INTO CASELOAD_AGENCY_LOCATIONS (CASELOAD_ID, AGY_LOC_ID) VALUES ('MUL', 'BXI');
INSERT INTO CASELOAD_AGENCY_LOCATIONS (CASELOAD_ID, AGY_LOC_ID) VALUES ('MUL', 'LEI');
INSERT INTO CASELOAD_AGENCY_LOCATIONS (CASELOAD_ID, AGY_LOC_ID) VALUES ('MUL', 'OUT');
INSERT INTO CASELOAD_AGENCY_LOCATIONS (CASELOAD_ID, AGY_LOC_ID) VALUES ('MUL', 'TRN');

INSERT INTO AGENCY_INTERNAL_LOCATIONS (INTERNAL_LOCATION_ID, INTERNAL_LOCATION_CODE, INTERNAL_LOCATION_TYPE, AGY_LOC_ID, DESCRIPTION, PARENT_INTERNAL_LOCATION_ID, USER_DESC)
VALUES (-1, 'A', 'WING', 'LEI', 'LEI-A', null, 'Block A');

INSERT INTO AGENCY_INTERNAL_LOCATIONS (INTERNAL_LOCATION_ID, INTERNAL_LOCATION_CODE, INTERNAL_LOCATION_TYPE, AGY_LOC_ID, DESCRIPTION, PARENT_INTERNAL_LOCATION_ID, USER_DESC)
VALUES (-2, '1', 'LAND', 'LEI', 'LEI-A-1', -1, 'Landing A/1');

INSERT INTO AGENCY_INTERNAL_LOCATIONS (INTERNAL_LOCATION_ID, INTERNAL_LOCATION_CODE, INTERNAL_LOCATION_TYPE, AGY_LOC_ID, DESCRIPTION, PARENT_INTERNAL_LOCATION_ID, NO_OF_OCCUPANT)
VALUES (-3, '1', 'CELL', 'LEI', 'LEI-A-1-1', -2, 0);

INSERT INTO AGENCY_INTERNAL_LOCATIONS (INTERNAL_LOCATION_ID, INTERNAL_LOCATION_CODE, INTERNAL_LOCATION_TYPE, AGY_LOC_ID, DESCRIPTION, PARENT_INTERNAL_LOCATION_ID, NO_OF_OCCUPANT)
VALUES (-4, '2', 'CELL', 'LEI', 'LEI-A-1-2', -2, 0);

INSERT INTO AGENCY_INTERNAL_LOCATIONS (INTERNAL_LOCATION_ID, INTERNAL_LOCATION_CODE, INTERNAL_LOCATION_TYPE, AGY_LOC_ID, DESCRIPTION, PARENT_INTERNAL_LOCATION_ID, NO_OF_OCCUPANT)
VALUES (-5, '3', 'CELL', 'LEI', 'LEI-A-1-3', -2, 0);

INSERT INTO AGENCY_INTERNAL_LOCATIONS (INTERNAL_LOCATION_ID, INTERNAL_LOCATION_CODE, INTERNAL_LOCATION_TYPE, AGY_LOC_ID, DESCRIPTION, PARENT_INTERNAL_LOCATION_ID, NO_OF_OCCUPANT)
VALUES (-6, '4', 'CELL', 'LEI', 'LEI-A-1-4', -2, 0);

INSERT INTO AGENCY_INTERNAL_LOCATIONS (INTERNAL_LOCATION_ID, INTERNAL_LOCATION_CODE, INTERNAL_LOCATION_TYPE, AGY_LOC_ID, DESCRIPTION, PARENT_INTERNAL_LOCATION_ID, NO_OF_OCCUPANT)
VALUES (-7, '5', 'CELL', 'LEI', 'LEI-A-1-5', -2, 0);

INSERT INTO AGENCY_INTERNAL_LOCATIONS (INTERNAL_LOCATION_ID, INTERNAL_LOCATION_CODE, INTERNAL_LOCATION_TYPE, AGY_LOC_ID, DESCRIPTION, PARENT_INTERNAL_LOCATION_ID, NO_OF_OCCUPANT)
VALUES (-8, '6', 'CELL', 'LEI', 'LEI-A-1-6', -2, 0);

INSERT INTO AGENCY_INTERNAL_LOCATIONS (INTERNAL_LOCATION_ID, INTERNAL_LOCATION_CODE, INTERNAL_LOCATION_TYPE, AGY_LOC_ID, DESCRIPTION, PARENT_INTERNAL_LOCATION_ID, NO_OF_OCCUPANT)
VALUES (-9, '7', 'CELL', 'LEI', 'LEI-A-1-7', -2, 0);

INSERT INTO AGENCY_INTERNAL_LOCATIONS (INTERNAL_LOCATION_ID, INTERNAL_LOCATION_CODE, INTERNAL_LOCATION_TYPE, AGY_LOC_ID, DESCRIPTION, PARENT_INTERNAL_LOCATION_ID, NO_OF_OCCUPANT)
VALUES (-10, '8', 'CELL', 'LEI', 'LEI-A-1-8', -2, 0);

INSERT INTO AGENCY_INTERNAL_LOCATIONS (INTERNAL_LOCATION_ID, INTERNAL_LOCATION_CODE, INTERNAL_LOCATION_TYPE, AGY_LOC_ID, DESCRIPTION, PARENT_INTERNAL_LOCATION_ID, NO_OF_OCCUPANT)
VALUES (-11, '9', 'CELL', 'LEI', 'LEI-A-1-9', -2, 0);

INSERT INTO AGENCY_INTERNAL_LOCATIONS (INTERNAL_LOCATION_ID, INTERNAL_LOCATION_CODE, INTERNAL_LOCATION_TYPE, AGY_LOC_ID, DESCRIPTION, PARENT_INTERNAL_LOCATION_ID, NO_OF_OCCUPANT)
VALUES (-12, '10', 'CELL', 'LEI', 'LEI-A-1-10', -2, 1);

INSERT INTO AGENCY_INTERNAL_LOCATIONS (INTERNAL_LOCATION_ID, INTERNAL_LOCATION_CODE, INTERNAL_LOCATION_TYPE, AGY_LOC_ID, DESCRIPTION, PARENT_INTERNAL_LOCATION_ID, USER_DESC)
VALUES (-13, 'H', 'WING', 'LEI', 'LEI-H', null, 'Block H');

INSERT INTO AGENCY_INTERNAL_LOCATIONS (INTERNAL_LOCATION_ID, INTERNAL_LOCATION_CODE, INTERNAL_LOCATION_TYPE, AGY_LOC_ID, DESCRIPTION, PARENT_INTERNAL_LOCATION_ID, USER_DESC)
VALUES (-14, '1', 'LAND', 'LEI', 'LEI-H-1', -13, 'Landing H/1');

INSERT INTO AGENCY_INTERNAL_LOCATIONS (INTERNAL_LOCATION_ID, INTERNAL_LOCATION_CODE, INTERNAL_LOCATION_TYPE, AGY_LOC_ID, DESCRIPTION, PARENT_INTERNAL_LOCATION_ID, NO_OF_OCCUPANT)
VALUES (-15, '1', 'CELL', 'LEI', 'LEI-H-1-1', -14, 0);

INSERT INTO AGENCY_INTERNAL_LOCATIONS (INTERNAL_LOCATION_ID, INTERNAL_LOCATION_CODE, INTERNAL_LOCATION_TYPE, AGY_LOC_ID, DESCRIPTION, PARENT_INTERNAL_LOCATION_ID, NO_OF_OCCUPANT)
VALUES (-16, '2', 'CELL', 'LEI', 'LEI-H-1-2', -14, 0);

INSERT INTO AGENCY_INTERNAL_LOCATIONS (INTERNAL_LOCATION_ID, INTERNAL_LOCATION_CODE, INTERNAL_LOCATION_TYPE, AGY_LOC_ID, DESCRIPTION, PARENT_INTERNAL_LOCATION_ID, NO_OF_OCCUPANT)
VALUES (-17, '3', 'CELL', 'LEI', 'LEI-H-1-3', -14, 0);

INSERT INTO AGENCY_INTERNAL_LOCATIONS (INTERNAL_LOCATION_ID, INTERNAL_LOCATION_CODE, INTERNAL_LOCATION_TYPE, AGY_LOC_ID, DESCRIPTION, PARENT_INTERNAL_LOCATION_ID, NO_OF_OCCUPANT)
VALUES (-18, '4', 'CELL', 'LEI', 'LEI-H-1-4', -14, 0);

INSERT INTO AGENCY_INTERNAL_LOCATIONS (INTERNAL_LOCATION_ID, INTERNAL_LOCATION_CODE, INTERNAL_LOCATION_TYPE, AGY_LOC_ID, DESCRIPTION, PARENT_INTERNAL_LOCATION_ID, NO_OF_OCCUPANT)
VALUES (-19, '5', 'CELL', 'LEI', 'LEI-H-1-5', -14, 0);

INSERT INTO AGENCY_INTERNAL_LOCATIONS (INTERNAL_LOCATION_ID, INTERNAL_LOCATION_CODE, INTERNAL_LOCATION_TYPE, AGY_LOC_ID, DESCRIPTION, PARENT_INTERNAL_LOCATION_ID, NO_OF_OCCUPANT)
VALUES (-20, '6', 'CELL', 'LEI', 'LEI-H-1-6', -14, 0);

INSERT INTO AGENCY_INTERNAL_LOCATIONS (INTERNAL_LOCATION_ID, INTERNAL_LOCATION_CODE, INTERNAL_LOCATION_TYPE, AGY_LOC_ID, DESCRIPTION, PARENT_INTERNAL_LOCATION_ID, NO_OF_OCCUPANT)
VALUES (-21, '7', 'CELL', 'LEI', 'LEI-H-1-7', -14, 0);

INSERT INTO AGENCY_INTERNAL_LOCATIONS (INTERNAL_LOCATION_ID, INTERNAL_LOCATION_CODE, INTERNAL_LOCATION_TYPE, AGY_LOC_ID, DESCRIPTION, PARENT_INTERNAL_LOCATION_ID, NO_OF_OCCUPANT)
VALUES (-22, '8', 'CELL', 'LEI', 'LEI-H-1-8', -14, 0);

INSERT INTO AGENCY_INTERNAL_LOCATIONS (INTERNAL_LOCATION_ID, INTERNAL_LOCATION_CODE, INTERNAL_LOCATION_TYPE, AGY_LOC_ID, DESCRIPTION, PARENT_INTERNAL_LOCATION_ID, NO_OF_OCCUPANT)
VALUES (-23, '9', 'CELL', 'LEI', 'LEI-H-1-9', -14, 0);

INSERT INTO AGENCY_INTERNAL_LOCATIONS (INTERNAL_LOCATION_ID, INTERNAL_LOCATION_CODE, INTERNAL_LOCATION_TYPE, AGY_LOC_ID, DESCRIPTION, PARENT_INTERNAL_LOCATION_ID, NO_OF_OCCUPANT)
VALUES (-24, '10', 'CELL', 'LEI', 'LEI-H-1-10', -14, 0);

INSERT INTO AGENCY_INTERNAL_LOCATIONS (INTERNAL_LOCATION_ID, INTERNAL_LOCATION_CODE, INTERNAL_LOCATION_TYPE, AGY_LOC_ID, DESCRIPTION, PARENT_INTERNAL_LOCATION_ID, NO_OF_OCCUPANT, USER_DESC)
VALUES (-25, 'CHAP', 'AREA', 'LEI', 'LEI-CHAP', null, 0, 'Chapel');

INSERT INTO AGENCY_INTERNAL_LOCATIONS (INTERNAL_LOCATION_ID, INTERNAL_LOCATION_CODE, INTERNAL_LOCATION_TYPE, AGY_LOC_ID, DESCRIPTION, PARENT_INTERNAL_LOCATION_ID, NO_OF_OCCUPANT, USER_DESC)
VALUES (-26, 'CARP', 'WSHP', 'LEI', 'LEI-CARP', null, 0, 'Carpentry Workshop');

INSERT INTO AGENCY_INTERNAL_LOCATIONS (INTERNAL_LOCATION_ID, INTERNAL_LOCATION_CODE, INTERNAL_LOCATION_TYPE, AGY_LOC_ID, DESCRIPTION, PARENT_INTERNAL_LOCATION_ID, NO_OF_OCCUPANT, USER_DESC)
VALUES (-27, 'CRM1', 'CLAS', 'LEI', 'LEI-CRM1', null, 0, 'Classroom 1');

INSERT INTO AGENCY_INTERNAL_LOCATIONS (INTERNAL_LOCATION_ID, INTERNAL_LOCATION_CODE, INTERNAL_LOCATION_TYPE, AGY_LOC_ID, DESCRIPTION, PARENT_INTERNAL_LOCATION_ID, USER_DESC)
VALUES (-28, 'A', 'WING', 'ZZGHI', 'ZZGHI-A', null, 'Block A');
