-- Test data for recall and classification fields
-- This file populates test sentences with various recall and classification combinations

-- Insert test offender bookings if they don't exist
INSERT INTO OFFENDER_BOOKINGS (OFFENDER_BOOK_ID, BOOKING_BEGIN_DATE, BOOKING_NO, OFFENDER_ID, AGY_LOC_ID, LIVING_UNIT_ID, ROOT_OFFENDER_ID, BOOKING_STATUS, STATUS_REASON, BOOKING_TYPE, IN_OUT_STATUS, ACTIVE_FLAG, BOOKING_SEQ)
VALUES (-1, TO_DATE('2020-01-01', 'YYYY-MM-DD'), 'A00001', -1, 'LEI', -1, -1, 'O', 'ADM', 'INST', 'IN', 'Y', 1);

INSERT INTO OFFENDER_BOOKINGS (OFFENDER_BOOK_ID, BOOKING_BEGIN_DATE, BOOKING_NO, OFFENDER_ID, AGY_LOC_ID, LIVING_UNIT_ID, ROOT_OFFENDER_ID, BOOKING_STATUS, STATUS_REASON, BOOKING_TYPE, IN_OUT_STATUS, ACTIVE_FLAG, BOOKING_SEQ)
VALUES (-2, TO_DATE('2020-01-01', 'YYYY-MM-DD'), 'A00002', -2, 'LEI', -2, -2, 'O', 'ADM', 'INST', 'IN', 'Y', 1);

INSERT INTO OFFENDER_BOOKINGS (OFFENDER_BOOK_ID, BOOKING_BEGIN_DATE, BOOKING_NO, OFFENDER_ID, AGY_LOC_ID, LIVING_UNIT_ID, ROOT_OFFENDER_ID, BOOKING_STATUS, STATUS_REASON, BOOKING_TYPE, IN_OUT_STATUS, ACTIVE_FLAG, BOOKING_SEQ)
VALUES (-3, TO_DATE('2020-01-01', 'YYYY-MM-DD'), 'A00003', -3, 'LEI', -3, -3, 'O', 'ADM', 'INST', 'IN', 'Y', 1);

INSERT INTO OFFENDER_BOOKINGS (OFFENDER_BOOK_ID, BOOKING_BEGIN_DATE, BOOKING_NO, OFFENDER_ID, AGY_LOC_ID, LIVING_UNIT_ID, ROOT_OFFENDER_ID, BOOKING_STATUS, STATUS_REASON, BOOKING_TYPE, IN_OUT_STATUS, ACTIVE_FLAG, BOOKING_SEQ)
VALUES (-4, TO_DATE('2020-01-01', 'YYYY-MM-DD'), 'A00004', -4, 'LEI', -4, -4, 'O', 'ADM', 'INST', 'IN', 'Y', 1);

INSERT INTO OFFENDER_BOOKINGS (OFFENDER_BOOK_ID, BOOKING_BEGIN_DATE, BOOKING_NO, OFFENDER_ID, AGY_LOC_ID, LIVING_UNIT_ID, ROOT_OFFENDER_ID, BOOKING_STATUS, STATUS_REASON, BOOKING_TYPE, IN_OUT_STATUS, ACTIVE_FLAG, BOOKING_SEQ)
VALUES (-5, TO_DATE('2020-01-01', 'YYYY-MM-DD'), 'A00005', -5, 'LEI', -5, -5, 'O', 'ADM', 'INST', 'IN', 'Y', 1);

INSERT INTO OFFENDER_BOOKINGS (OFFENDER_BOOK_ID, BOOKING_BEGIN_DATE, BOOKING_NO, OFFENDER_ID, AGY_LOC_ID, LIVING_UNIT_ID, ROOT_OFFENDER_ID, BOOKING_STATUS, STATUS_REASON, BOOKING_TYPE, IN_OUT_STATUS, ACTIVE_FLAG, BOOKING_SEQ)
VALUES (-6, TO_DATE('2020-01-01', 'YYYY-MM-DD'), 'A00006', -6, 'LEI', -6, -6, 'O', 'ADM', 'INST', 'IN', 'Y', 1);

INSERT INTO OFFENDER_BOOKINGS (OFFENDER_BOOK_ID, BOOKING_BEGIN_DATE, BOOKING_NO, OFFENDER_ID, AGY_LOC_ID, LIVING_UNIT_ID, ROOT_OFFENDER_ID, BOOKING_STATUS, STATUS_REASON, BOOKING_TYPE, IN_OUT_STATUS, ACTIVE_FLAG, BOOKING_SEQ)
VALUES (-7, TO_DATE('2020-01-01', 'YYYY-MM-DD'), 'A00007', -7, 'LEI', -7, -7, 'O', 'ADM', 'INST', 'IN', 'Y', 1);

-- Insert test court cases
INSERT INTO OFFENDER_CASES (CASE_ID, OFFENDER_BOOK_ID, CASE_INFO_NUMBER, CASE_SEQ, CASE_STATUS, CASE_TYPE, BEGIN_DATE, AGY_LOC_ID)
VALUES (-1, -1, 'TEST001', 1, 'A', 'A', TO_DATE('2020-01-01', 'YYYY-MM-DD'), 'COURT1');

INSERT INTO OFFENDER_CASES (CASE_ID, OFFENDER_BOOK_ID, CASE_INFO_NUMBER, CASE_SEQ, CASE_STATUS, CASE_TYPE, BEGIN_DATE, AGY_LOC_ID)
VALUES (-2, -2, 'TEST002', 1, 'A', 'A', TO_DATE('2020-01-01', 'YYYY-MM-DD'), 'COURT1');

INSERT INTO OFFENDER_CASES (CASE_ID, OFFENDER_BOOK_ID, CASE_INFO_NUMBER, CASE_SEQ, CASE_STATUS, CASE_TYPE, BEGIN_DATE, AGY_LOC_ID)
VALUES (-3, -3, 'TEST003', 1, 'A', 'A', TO_DATE('2020-01-01', 'YYYY-MM-DD'), 'COURT1');

INSERT INTO OFFENDER_CASES (CASE_ID, OFFENDER_BOOK_ID, CASE_INFO_NUMBER, CASE_SEQ, CASE_STATUS, CASE_TYPE, BEGIN_DATE, AGY_LOC_ID)
VALUES (-4, -4, 'TEST004', 1, 'A', 'A', TO_DATE('2020-01-01', 'YYYY-MM-DD'), 'COURT1');

INSERT INTO OFFENDER_CASES (CASE_ID, OFFENDER_BOOK_ID, CASE_INFO_NUMBER, CASE_SEQ, CASE_STATUS, CASE_TYPE, BEGIN_DATE, AGY_LOC_ID)
VALUES (-5, -5, 'TEST005', 1, 'A', 'A', TO_DATE('2020-01-01', 'YYYY-MM-DD'), 'COURT1');

INSERT INTO OFFENDER_CASES (CASE_ID, OFFENDER_BOOK_ID, CASE_INFO_NUMBER, CASE_SEQ, CASE_STATUS, CASE_TYPE, BEGIN_DATE, AGY_LOC_ID)
VALUES (-6, -6, 'TEST006', 1, 'A', 'A', TO_DATE('2020-01-01', 'YYYY-MM-DD'), 'COURT1');

INSERT INTO OFFENDER_CASES (CASE_ID, OFFENDER_BOOK_ID, CASE_INFO_NUMBER, CASE_SEQ, CASE_STATUS, CASE_TYPE, BEGIN_DATE, AGY_LOC_ID)
VALUES (-7, -7, 'TEST007', 1, 'A', 'A', TO_DATE('2020-01-01', 'YYYY-MM-DD'), 'COURT1');

-- Insert test court orders
INSERT INTO ORDERS (ORDER_ID, OFFENDER_BOOK_ID, CASE_ID, COURT_DATE, OUTCOME_REASON_CODE, ISSUED_BY_COURT, COURT_EVENT_ID, ORDER_STATUS, ORDER_TYPE)
VALUES (-1, -1, -1, TO_DATE('2020-01-01', 'YYYY-MM-DD'), 'CONV', 'Y', -1, 'A', 'S');

INSERT INTO ORDERS (ORDER_ID, OFFENDER_BOOK_ID, CASE_ID, COURT_DATE, OUTCOME_REASON_CODE, ISSUED_BY_COURT, COURT_EVENT_ID, ORDER_STATUS, ORDER_TYPE)
VALUES (-2, -2, -2, TO_DATE('2020-01-01', 'YYYY-MM-DD'), 'CONV', 'Y', -2, 'A', 'S');

INSERT INTO ORDERS (ORDER_ID, OFFENDER_BOOK_ID, CASE_ID, COURT_DATE, OUTCOME_REASON_CODE, ISSUED_BY_COURT, COURT_EVENT_ID, ORDER_STATUS, ORDER_TYPE)
VALUES (-3, -3, -3, TO_DATE('2020-01-01', 'YYYY-MM-DD'), 'CONV', 'Y', -3, 'A', 'S');

INSERT INTO ORDERS (ORDER_ID, OFFENDER_BOOK_ID, CASE_ID, COURT_DATE, OUTCOME_REASON_CODE, ISSUED_BY_COURT, COURT_EVENT_ID, ORDER_STATUS, ORDER_TYPE)
VALUES (-4, -4, -4, TO_DATE('2020-01-01', 'YYYY-MM-DD'), 'CONV', 'Y', -4, 'A', 'S');

INSERT INTO ORDERS (ORDER_ID, OFFENDER_BOOK_ID, CASE_ID, COURT_DATE, OUTCOME_REASON_CODE, ISSUED_BY_COURT, COURT_EVENT_ID, ORDER_STATUS, ORDER_TYPE)
VALUES (-5, -5, -5, TO_DATE('2020-01-01', 'YYYY-MM-DD'), 'CONV', 'Y', -5, 'A', 'S');

INSERT INTO ORDERS (ORDER_ID, OFFENDER_BOOK_ID, CASE_ID, COURT_DATE, OUTCOME_REASON_CODE, ISSUED_BY_COURT, COURT_EVENT_ID, ORDER_STATUS, ORDER_TYPE)
VALUES (-6, -6, -6, TO_DATE('2020-01-01', 'YYYY-MM-DD'), 'CONV', 'Y', -6, 'A', 'S');

INSERT INTO ORDERS (ORDER_ID, OFFENDER_BOOK_ID, CASE_ID, COURT_DATE, OUTCOME_REASON_CODE, ISSUED_BY_COURT, COURT_EVENT_ID, ORDER_STATUS, ORDER_TYPE)
VALUES (-7, -7, -7, TO_DATE('2020-01-01', 'YYYY-MM-DD'), 'CONV', 'Y', -7, 'A', 'S');

-- Insert test sentences with recall and classification data

-- Booking -1: Mixed sentences for comprehensive test
INSERT INTO OFFENDER_SENTENCES (OFFENDER_BOOK_ID, SENTENCE_SEQ, ORDER_ID, CASE_ID, SENTENCE_STATUS, SENTENCE_CALC_TYPE, SENTENCE_CATEGORY, START_DATE, IS_RECALLABLE, SENTENCE_CLASSIFICATION)
VALUES (-1, 1, -1, -1, 'A', 'ADIMP_ORA', '2003', TO_DATE('2020-01-01', 'YYYY-MM-DD'), 'Y', 'STANDARD');

INSERT INTO OFFENDER_SENTENCES (OFFENDER_BOOK_ID, SENTENCE_SEQ, ORDER_ID, CASE_ID, SENTENCE_STATUS, SENTENCE_CALC_TYPE, SENTENCE_CATEGORY, START_DATE, IS_RECALLABLE, SENTENCE_CLASSIFICATION)
VALUES (-1, 2, -1, -1, 'A', 'FTR_ORA', '2003', TO_DATE('2020-01-01', 'YYYY-MM-DD'), 'Y', 'RECALL');

-- Booking -2: Standard Determinate Sentence
INSERT INTO OFFENDER_SENTENCES (OFFENDER_BOOK_ID, SENTENCE_SEQ, ORDER_ID, CASE_ID, SENTENCE_STATUS, SENTENCE_CALC_TYPE, SENTENCE_CATEGORY, START_DATE, IS_RECALLABLE, SENTENCE_CLASSIFICATION)
VALUES (-2, 1, -2, -2, 'A', 'ADIMP_ORA', '2003', TO_DATE('2020-01-01', 'YYYY-MM-DD'), 'Y', 'STANDARD');

-- Booking -3: Fixed Term Recall
INSERT INTO OFFENDER_SENTENCES (OFFENDER_BOOK_ID, SENTENCE_SEQ, ORDER_ID, CASE_ID, SENTENCE_STATUS, SENTENCE_CALC_TYPE, SENTENCE_CATEGORY, START_DATE, IS_RECALLABLE, SENTENCE_CLASSIFICATION)
VALUES (-3, 1, -3, -3, 'A', 'FTR_ORA', '2003', TO_DATE('2020-01-01', 'YYYY-MM-DD'), 'Y', 'RECALL');

-- Booking -4: Fine (not recallable)
INSERT INTO OFFENDER_SENTENCES (OFFENDER_BOOK_ID, SENTENCE_SEQ, ORDER_ID, CASE_ID, SENTENCE_STATUS, SENTENCE_CALC_TYPE, SENTENCE_CATEGORY, START_DATE, FINE_AMOUNT, IS_RECALLABLE, SENTENCE_CLASSIFICATION)
VALUES (-4, 1, -4, -4, 'A', 'A/FINE', '2003', TO_DATE('2020-01-01', 'YYYY-MM-DD'), 500.00, 'N', 'FINE');

-- Booking -5: Extended Sentence
INSERT INTO OFFENDER_SENTENCES (OFFENDER_BOOK_ID, SENTENCE_SEQ, ORDER_ID, CASE_ID, SENTENCE_STATUS, SENTENCE_CALC_TYPE, SENTENCE_CATEGORY, START_DATE, IS_RECALLABLE, SENTENCE_CLASSIFICATION)
VALUES (-5, 1, -5, -5, 'A', 'CUR_ORA', '2003', TO_DATE('2020-01-01', 'YYYY-MM-DD'), 'Y', 'EXTENDED');

-- Booking -6: Multiple sentences (Standard, Life, Fine)
INSERT INTO OFFENDER_SENTENCES (OFFENDER_BOOK_ID, SENTENCE_SEQ, ORDER_ID, CASE_ID, SENTENCE_STATUS, SENTENCE_CALC_TYPE, SENTENCE_CATEGORY, START_DATE, IS_RECALLABLE, SENTENCE_CLASSIFICATION)
VALUES (-6, 1, -6, -6, 'A', 'ADIMP', '2020', TO_DATE('2020-01-01', 'YYYY-MM-DD'), 'Y', 'STANDARD');

INSERT INTO OFFENDER_SENTENCES (OFFENDER_BOOK_ID, SENTENCE_SEQ, ORDER_ID, CASE_ID, SENTENCE_STATUS, SENTENCE_CALC_TYPE, SENTENCE_CATEGORY, START_DATE, IS_RECALLABLE, SENTENCE_CLASSIFICATION)
VALUES (-6, 2, -6, -6, 'A', 'LIFE', '2003', TO_DATE('2020-01-01', 'YYYY-MM-DD'), 'Y', 'INDETERMINATE');

INSERT INTO OFFENDER_SENTENCES (OFFENDER_BOOK_ID, SENTENCE_SEQ, ORDER_ID, CASE_ID, SENTENCE_STATUS, SENTENCE_CALC_TYPE, SENTENCE_CATEGORY, START_DATE, FINE_AMOUNT, IS_RECALLABLE, SENTENCE_CLASSIFICATION)
VALUES (-6, 3, -6, -6, 'A', 'A/FINE', '2003', TO_DATE('2020-01-01', 'YYYY-MM-DD'), 250.00, 'N', 'FINE');

-- Booking -7: Sentence with null classification
INSERT INTO OFFENDER_SENTENCES (OFFENDER_BOOK_ID, SENTENCE_SEQ, ORDER_ID, CASE_ID, SENTENCE_STATUS, SENTENCE_CALC_TYPE, SENTENCE_CATEGORY, START_DATE, IS_RECALLABLE, SENTENCE_CLASSIFICATION)
VALUES (-7, 1, -7, -7, 'A', 'TEST', 'TEST', TO_DATE('2020-01-01', 'YYYY-MM-DD'), 'N', NULL);