-- Test data for recall and classification fields
-- This file populates test sentences with various recall and classification combinations
-- Note: Uses existing sentence calc types from migration data

-- Insert test offenders
INSERT INTO OFFENDERS (OFFENDER_ID, ID_SOURCE_CODE, LAST_NAME, FIRST_NAME, SEX_CODE, CREATE_DATE, LAST_NAME_KEY, OFFENDER_ID_DISPLAY, ROOT_OFFENDER_ID, RACE_CODE, BIRTH_DATE)
VALUES (-9001, 'SEQ', 'TEST', 'OFFENDER1', 'M', TO_DATE('2020-01-01', 'YYYY-MM-DD'), 'TEST', 'T00001', -9001, 'W1', TO_DATE('1980-01-01', 'YYYY-MM-DD'));

INSERT INTO OFFENDERS (OFFENDER_ID, ID_SOURCE_CODE, LAST_NAME, FIRST_NAME, SEX_CODE, CREATE_DATE, LAST_NAME_KEY, OFFENDER_ID_DISPLAY, ROOT_OFFENDER_ID, RACE_CODE, BIRTH_DATE)
VALUES (-9002, 'SEQ', 'TEST', 'OFFENDER2', 'M', TO_DATE('2020-01-01', 'YYYY-MM-DD'), 'TEST', 'T00002', -9002, 'W1', TO_DATE('1980-01-01', 'YYYY-MM-DD'));

INSERT INTO OFFENDERS (OFFENDER_ID, ID_SOURCE_CODE, LAST_NAME, FIRST_NAME, SEX_CODE, CREATE_DATE, LAST_NAME_KEY, OFFENDER_ID_DISPLAY, ROOT_OFFENDER_ID, RACE_CODE, BIRTH_DATE)
VALUES (-9003, 'SEQ', 'TEST', 'OFFENDER3', 'M', TO_DATE('2020-01-01', 'YYYY-MM-DD'), 'TEST', 'T00003', -9003, 'W1', TO_DATE('1980-01-01', 'YYYY-MM-DD'));

INSERT INTO OFFENDERS (OFFENDER_ID, ID_SOURCE_CODE, LAST_NAME, FIRST_NAME, SEX_CODE, CREATE_DATE, LAST_NAME_KEY, OFFENDER_ID_DISPLAY, ROOT_OFFENDER_ID, RACE_CODE, BIRTH_DATE)
VALUES (-9004, 'SEQ', 'TEST', 'OFFENDER4', 'M', TO_DATE('2020-01-01', 'YYYY-MM-DD'), 'TEST', 'T00004', -9004, 'W1', TO_DATE('1980-01-01', 'YYYY-MM-DD'));

INSERT INTO OFFENDERS (OFFENDER_ID, ID_SOURCE_CODE, LAST_NAME, FIRST_NAME, SEX_CODE, CREATE_DATE, LAST_NAME_KEY, OFFENDER_ID_DISPLAY, ROOT_OFFENDER_ID, RACE_CODE, BIRTH_DATE)
VALUES (-9005, 'SEQ', 'TEST', 'OFFENDER5', 'M', TO_DATE('2020-01-01', 'YYYY-MM-DD'), 'TEST', 'T00005', -9005, 'W1', TO_DATE('1980-01-01', 'YYYY-MM-DD'));

INSERT INTO OFFENDERS (OFFENDER_ID, ID_SOURCE_CODE, LAST_NAME, FIRST_NAME, SEX_CODE, CREATE_DATE, LAST_NAME_KEY, OFFENDER_ID_DISPLAY, ROOT_OFFENDER_ID, RACE_CODE, BIRTH_DATE)
VALUES (-9006, 'SEQ', 'TEST', 'OFFENDER6', 'M', TO_DATE('2020-01-01', 'YYYY-MM-DD'), 'TEST', 'T00006', -9006, 'W1', TO_DATE('1980-01-01', 'YYYY-MM-DD'));

INSERT INTO OFFENDERS (OFFENDER_ID, ID_SOURCE_CODE, LAST_NAME, FIRST_NAME, SEX_CODE, CREATE_DATE, LAST_NAME_KEY, OFFENDER_ID_DISPLAY, ROOT_OFFENDER_ID, RACE_CODE, BIRTH_DATE)
VALUES (-9007, 'SEQ', 'TEST', 'OFFENDER7', 'M', TO_DATE('2020-01-01', 'YYYY-MM-DD'), 'TEST', 'T00007', -9007, 'W1', TO_DATE('1980-01-01', 'YYYY-MM-DD'));

-- Insert test offender bookings
INSERT INTO OFFENDER_BOOKINGS (OFFENDER_BOOK_ID, BOOKING_BEGIN_DATE, BOOKING_NO, OFFENDER_ID, AGY_LOC_ID, LIVING_UNIT_ID, ROOT_OFFENDER_ID, BOOKING_STATUS, STATUS_REASON, BOOKING_TYPE, IN_OUT_STATUS, ACTIVE_FLAG, BOOKING_SEQ, YOUTH_ADULT_CODE, DISCLOSURE_FLAG)
VALUES (-9001, TO_DATE('2020-01-01', 'YYYY-MM-DD'), 'A00001', -9001, 'LEI', -9001, -9001, 'O', 'ADM', 'INST', 'IN', 'Y', 1, 'N', 'N');

INSERT INTO OFFENDER_BOOKINGS (OFFENDER_BOOK_ID, BOOKING_BEGIN_DATE, BOOKING_NO, OFFENDER_ID, AGY_LOC_ID, LIVING_UNIT_ID, ROOT_OFFENDER_ID, BOOKING_STATUS, STATUS_REASON, BOOKING_TYPE, IN_OUT_STATUS, ACTIVE_FLAG, BOOKING_SEQ, YOUTH_ADULT_CODE, DISCLOSURE_FLAG)
VALUES (-9002, TO_DATE('2020-01-01', 'YYYY-MM-DD'), 'A00002', -9002, 'LEI', -9002, -9002, 'O', 'ADM', 'INST', 'IN', 'Y', 1, 'N', 'N');

INSERT INTO OFFENDER_BOOKINGS (OFFENDER_BOOK_ID, BOOKING_BEGIN_DATE, BOOKING_NO, OFFENDER_ID, AGY_LOC_ID, LIVING_UNIT_ID, ROOT_OFFENDER_ID, BOOKING_STATUS, STATUS_REASON, BOOKING_TYPE, IN_OUT_STATUS, ACTIVE_FLAG, BOOKING_SEQ, YOUTH_ADULT_CODE, DISCLOSURE_FLAG)
VALUES (-9003, TO_DATE('2020-01-01', 'YYYY-MM-DD'), 'A00003', -9003, 'LEI', -9003, -9003, 'O', 'ADM', 'INST', 'IN', 'Y', 1, 'N', 'N');

INSERT INTO OFFENDER_BOOKINGS (OFFENDER_BOOK_ID, BOOKING_BEGIN_DATE, BOOKING_NO, OFFENDER_ID, AGY_LOC_ID, LIVING_UNIT_ID, ROOT_OFFENDER_ID, BOOKING_STATUS, STATUS_REASON, BOOKING_TYPE, IN_OUT_STATUS, ACTIVE_FLAG, BOOKING_SEQ, YOUTH_ADULT_CODE, DISCLOSURE_FLAG)
VALUES (-9004, TO_DATE('2020-01-01', 'YYYY-MM-DD'), 'A00004', -9004, 'LEI', -9004, -9004, 'O', 'ADM', 'INST', 'IN', 'Y', 1, 'N', 'N');

INSERT INTO OFFENDER_BOOKINGS (OFFENDER_BOOK_ID, BOOKING_BEGIN_DATE, BOOKING_NO, OFFENDER_ID, AGY_LOC_ID, LIVING_UNIT_ID, ROOT_OFFENDER_ID, BOOKING_STATUS, STATUS_REASON, BOOKING_TYPE, IN_OUT_STATUS, ACTIVE_FLAG, BOOKING_SEQ, YOUTH_ADULT_CODE, DISCLOSURE_FLAG)
VALUES (-9005, TO_DATE('2020-01-01', 'YYYY-MM-DD'), 'A00005', -9005, 'LEI', -9005, -9005, 'O', 'ADM', 'INST', 'IN', 'Y', 1, 'N', 'N');

INSERT INTO OFFENDER_BOOKINGS (OFFENDER_BOOK_ID, BOOKING_BEGIN_DATE, BOOKING_NO, OFFENDER_ID, AGY_LOC_ID, LIVING_UNIT_ID, ROOT_OFFENDER_ID, BOOKING_STATUS, STATUS_REASON, BOOKING_TYPE, IN_OUT_STATUS, ACTIVE_FLAG, BOOKING_SEQ, YOUTH_ADULT_CODE, DISCLOSURE_FLAG)
VALUES (-9006, TO_DATE('2020-01-01', 'YYYY-MM-DD'), 'A00006', -9006, 'LEI', -9006, -9006, 'O', 'ADM', 'INST', 'IN', 'Y', 1, 'N', 'N');

INSERT INTO OFFENDER_BOOKINGS (OFFENDER_BOOK_ID, BOOKING_BEGIN_DATE, BOOKING_NO, OFFENDER_ID, AGY_LOC_ID, LIVING_UNIT_ID, ROOT_OFFENDER_ID, BOOKING_STATUS, STATUS_REASON, BOOKING_TYPE, IN_OUT_STATUS, ACTIVE_FLAG, BOOKING_SEQ, YOUTH_ADULT_CODE, DISCLOSURE_FLAG)
VALUES (-9007, TO_DATE('2020-01-01', 'YYYY-MM-DD'), 'A00007', -9007, 'LEI', -9007, -9007, 'O', 'ADM', 'INST', 'IN', 'Y', 1, 'N', 'N');

-- Insert test court cases
INSERT INTO OFFENDER_CASES (CASE_ID, OFFENDER_BOOK_ID, CASE_INFO_NUMBER, CASE_SEQ, CASE_STATUS, CASE_TYPE, BEGIN_DATE, AGY_LOC_ID)
VALUES (-9001, -9001, 'TEST001', 1, 'A', 'A', TO_DATE('2020-01-01', 'YYYY-MM-DD'), 'COURT1');

INSERT INTO OFFENDER_CASES (CASE_ID, OFFENDER_BOOK_ID, CASE_INFO_NUMBER, CASE_SEQ, CASE_STATUS, CASE_TYPE, BEGIN_DATE, AGY_LOC_ID)
VALUES (-9002, -9002, 'TEST002', 1, 'A', 'A', TO_DATE('2020-01-01', 'YYYY-MM-DD'), 'COURT1');

INSERT INTO OFFENDER_CASES (CASE_ID, OFFENDER_BOOK_ID, CASE_INFO_NUMBER, CASE_SEQ, CASE_STATUS, CASE_TYPE, BEGIN_DATE, AGY_LOC_ID)
VALUES (-9003, -9003, 'TEST003', 1, 'A', 'A', TO_DATE('2020-01-01', 'YYYY-MM-DD'), 'COURT1');

INSERT INTO OFFENDER_CASES (CASE_ID, OFFENDER_BOOK_ID, CASE_INFO_NUMBER, CASE_SEQ, CASE_STATUS, CASE_TYPE, BEGIN_DATE, AGY_LOC_ID)
VALUES (-9004, -9004, 'TEST004', 1, 'A', 'A', TO_DATE('2020-01-01', 'YYYY-MM-DD'), 'COURT1');

INSERT INTO OFFENDER_CASES (CASE_ID, OFFENDER_BOOK_ID, CASE_INFO_NUMBER, CASE_SEQ, CASE_STATUS, CASE_TYPE, BEGIN_DATE, AGY_LOC_ID)
VALUES (-9005, -9005, 'TEST005', 1, 'A', 'A', TO_DATE('2020-01-01', 'YYYY-MM-DD'), 'COURT1');

INSERT INTO OFFENDER_CASES (CASE_ID, OFFENDER_BOOK_ID, CASE_INFO_NUMBER, CASE_SEQ, CASE_STATUS, CASE_TYPE, BEGIN_DATE, AGY_LOC_ID)
VALUES (-9006, -9006, 'TEST006', 1, 'A', 'A', TO_DATE('2020-01-01', 'YYYY-MM-DD'), 'COURT1');

INSERT INTO OFFENDER_CASES (CASE_ID, OFFENDER_BOOK_ID, CASE_INFO_NUMBER, CASE_SEQ, CASE_STATUS, CASE_TYPE, BEGIN_DATE, AGY_LOC_ID)
VALUES (-9007, -9007, 'TEST007', 1, 'A', 'A', TO_DATE('2020-01-01', 'YYYY-MM-DD'), 'COURT1');

-- Insert test court orders
INSERT INTO ORDERS (ORDER_ID, OFFENDER_BOOK_ID, CASE_ID, COURT_DATE, ORDER_TYPE, ISSUING_AGY_LOC_ID, ORDER_STATUS)
VALUES (-9001, -9001, -9001, TO_DATE('2020-01-01', 'YYYY-MM-DD'), 'AUTO', 'COURT1', 'A');

INSERT INTO ORDERS (ORDER_ID, OFFENDER_BOOK_ID, CASE_ID, COURT_DATE, ORDER_TYPE, ISSUING_AGY_LOC_ID, ORDER_STATUS)
VALUES (-9002, -9002, -9002, TO_DATE('2020-01-01', 'YYYY-MM-DD'), 'AUTO', 'COURT1', 'A');

INSERT INTO ORDERS (ORDER_ID, OFFENDER_BOOK_ID, CASE_ID, COURT_DATE, ORDER_TYPE, ISSUING_AGY_LOC_ID, ORDER_STATUS)
VALUES (-9003, -9003, -9003, TO_DATE('2020-01-01', 'YYYY-MM-DD'), 'AUTO', 'COURT1', 'A');

INSERT INTO ORDERS (ORDER_ID, OFFENDER_BOOK_ID, CASE_ID, COURT_DATE, ORDER_TYPE, ISSUING_AGY_LOC_ID, ORDER_STATUS)
VALUES (-9004, -9004, -9004, TO_DATE('2020-01-01', 'YYYY-MM-DD'), 'AUTO', 'COURT1', 'A');

INSERT INTO ORDERS (ORDER_ID, OFFENDER_BOOK_ID, CASE_ID, COURT_DATE, ORDER_TYPE, ISSUING_AGY_LOC_ID, ORDER_STATUS)
VALUES (-9005, -9005, -9005, TO_DATE('2020-01-01', 'YYYY-MM-DD'), 'AUTO', 'COURT1', 'A');

INSERT INTO ORDERS (ORDER_ID, OFFENDER_BOOK_ID, CASE_ID, COURT_DATE, ORDER_TYPE, ISSUING_AGY_LOC_ID, ORDER_STATUS)
VALUES (-9006, -9006, -9006, TO_DATE('2020-01-01', 'YYYY-MM-DD'), 'AUTO', 'COURT1', 'A');

INSERT INTO ORDERS (ORDER_ID, OFFENDER_BOOK_ID, CASE_ID, COURT_DATE, ORDER_TYPE, ISSUING_AGY_LOC_ID, ORDER_STATUS)
VALUES (-9007, -9007, -9007, TO_DATE('2020-01-01', 'YYYY-MM-DD'), 'AUTO', 'COURT1', 'A');

-- Insert test sentences with recall and classification data

-- Booking -9001: Mixed sentences for comprehensive test
INSERT INTO OFFENDER_SENTENCES (OFFENDER_BOOK_ID, SENTENCE_SEQ, ORDER_ID, CASE_ID, SENTENCE_STATUS, SENTENCE_CALC_TYPE, SENTENCE_CATEGORY, START_DATE, IS_RECALLABLE, SENTENCE_CLASSIFICATION)
VALUES (-9001, 1, -9001, -9001, 'A', 'ADIMP_ORA', '2003', TO_DATE('2020-01-01', 'YYYY-MM-DD'), 'Y', 'STANDARD');

INSERT INTO OFFENDER_SENTENCES (OFFENDER_BOOK_ID, SENTENCE_SEQ, ORDER_ID, CASE_ID, SENTENCE_STATUS, SENTENCE_CALC_TYPE, SENTENCE_CATEGORY, START_DATE, IS_RECALLABLE, SENTENCE_CLASSIFICATION)
VALUES (-9001, 2, -9001, -9001, 'A', 'FTR_ORA', '2003', TO_DATE('2020-01-01', 'YYYY-MM-DD'), 'Y', 'RECALL');

-- Booking -9002: Standard Determinate Sentence
INSERT INTO OFFENDER_SENTENCES (OFFENDER_BOOK_ID, SENTENCE_SEQ, ORDER_ID, CASE_ID, SENTENCE_STATUS, SENTENCE_CALC_TYPE, SENTENCE_CATEGORY, START_DATE, IS_RECALLABLE, SENTENCE_CLASSIFICATION)
VALUES (-9002, 1, -9002, -9002, 'A', 'ADIMP_ORA', '2003', TO_DATE('2020-01-01', 'YYYY-MM-DD'), 'Y', 'STANDARD');

-- Booking -9003: Fixed Term Recall
INSERT INTO OFFENDER_SENTENCES (OFFENDER_BOOK_ID, SENTENCE_SEQ, ORDER_ID, CASE_ID, SENTENCE_STATUS, SENTENCE_CALC_TYPE, SENTENCE_CATEGORY, START_DATE, IS_RECALLABLE, SENTENCE_CLASSIFICATION)
VALUES (-9003, 1, -9003, -9003, 'A', 'FTR_ORA', '2003', TO_DATE('2020-01-01', 'YYYY-MM-DD'), 'Y', 'RECALL');

-- Booking -9004: Sentence with recallable=false and FINE classification
INSERT INTO OFFENDER_SENTENCES (OFFENDER_BOOK_ID, SENTENCE_SEQ, ORDER_ID, CASE_ID, SENTENCE_STATUS, SENTENCE_CALC_TYPE, SENTENCE_CATEGORY, START_DATE, IS_RECALLABLE, SENTENCE_CLASSIFICATION)
VALUES (-9004, 1, -9004, -9004, 'A', '29', '2003', TO_DATE('2020-01-01', 'YYYY-MM-DD'), 'N', 'FINE');

-- Booking -9005: Another standard sentence (using newer calc type)
INSERT INTO OFFENDER_SENTENCES (OFFENDER_BOOK_ID, SENTENCE_SEQ, ORDER_ID, CASE_ID, SENTENCE_STATUS, SENTENCE_CALC_TYPE, SENTENCE_CATEGORY, START_DATE, IS_RECALLABLE, SENTENCE_CLASSIFICATION)
VALUES (-9005, 1, -9005, -9005, 'A', 'ADIMP', '2020', TO_DATE('2020-01-01', 'YYYY-MM-DD'), 'Y', 'EXTENDED');

-- Booking -9006: Multiple sentences (Standard, Another Standard, Fine)
INSERT INTO OFFENDER_SENTENCES (OFFENDER_BOOK_ID, SENTENCE_SEQ, ORDER_ID, CASE_ID, SENTENCE_STATUS, SENTENCE_CALC_TYPE, SENTENCE_CATEGORY, START_DATE, IS_RECALLABLE, SENTENCE_CLASSIFICATION)
VALUES (-9006, 1, -9006, -9006, 'A', 'ADIMP', '2020', TO_DATE('2020-01-01', 'YYYY-MM-DD'), 'Y', 'STANDARD');

INSERT INTO OFFENDER_SENTENCES (OFFENDER_BOOK_ID, SENTENCE_SEQ, ORDER_ID, CASE_ID, SENTENCE_STATUS, SENTENCE_CALC_TYPE, SENTENCE_CATEGORY, START_DATE, IS_RECALLABLE, SENTENCE_CLASSIFICATION)
VALUES (-9006, 2, -9006, -9006, 'A', 'FTR_ORA', '1991', TO_DATE('2020-01-01', 'YYYY-MM-DD'), 'Y', 'INDETERMINATE');

INSERT INTO OFFENDER_SENTENCES (OFFENDER_BOOK_ID, SENTENCE_SEQ, ORDER_ID, CASE_ID, SENTENCE_STATUS, SENTENCE_CALC_TYPE, SENTENCE_CATEGORY, START_DATE, IS_RECALLABLE, SENTENCE_CLASSIFICATION)
VALUES (-9006, 3, -9006, -9006, 'A', '29', '2003', TO_DATE('2020-01-01', 'YYYY-MM-DD'), 'N', 'FINE');

-- Booking -9007: Sentence with null classification
INSERT INTO OFFENDER_SENTENCES (OFFENDER_BOOK_ID, SENTENCE_SEQ, ORDER_ID, CASE_ID, SENTENCE_STATUS, SENTENCE_CALC_TYPE, SENTENCE_CATEGORY, START_DATE, IS_RECALLABLE, SENTENCE_CLASSIFICATION)
VALUES (-9007, 1, -9007, -9007, 'A', 'R', '1991', TO_DATE('2020-01-01', 'YYYY-MM-DD'), 'N', NULL);