-- Offenders

INSERT INTO OFFENDERS (OFFENDER_ID, ID_SOURCE_CODE, FIRST_NAME, MIDDLE_NAME, LAST_NAME, SEX_CODE, CREATE_DATE, LAST_NAME_KEY, OFFENDER_ID_DISPLAY, ROOT_OFFENDER_ID, RACE_CODE, ALIAS_NAME_TYPE, BIRTH_DATE, BIRTH_COUNTRY_CODE)
VALUES (-1, 'SEQ', 'MARK', null, 'ANDREWS', 'M', sysdate, 'ANDREWS', 'A0001AA', -1, 'W1', 'CN', TO_DATE('1989-10-22', 'YYYY-MM-DD'), 'UK');

INSERT INTO OFFENDERS (OFFENDER_ID, ID_SOURCE_CODE, FIRST_NAME, MIDDLE_NAME, LAST_NAME, SEX_CODE, CREATE_DATE, LAST_NAME_KEY, OFFENDER_ID_DISPLAY, ROOT_OFFENDER_ID, RACE_CODE, ALIAS_NAME_TYPE, BIRTH_DATE, BIRTH_COUNTRY_CODE)
VALUES (-2, 'SEQ', 'MARK', null, 'ANDREWS', 'M', sysdate, 'ANDREWS', 'A0001XX', -2, 'W1', 'CN', TO_DATE('1989-10-22', 'YYYY-MM-DD'), 'UK');

-- Offender Aliases
INSERT INTO OFFENDERS (OFFENDER_ID, ID_SOURCE_CODE, FIRST_NAME, MIDDLE_NAME, LAST_NAME, SEX_CODE, CREATE_DATE, LAST_NAME_KEY, OFFENDER_ID_DISPLAY, ROOT_OFFENDER_ID, RACE_CODE, ALIAS_NAME_TYPE, BIRTH_DATE, BIRTH_COUNTRY_CODE)
VALUES (-1000, 'SEQ', 'MARKY', null, 'ANDREWS', 'M',TO_DATE('2005-01-01', 'YYYY-MM-DD'), 'ANDREWS', 'A1000AA', -1, 'W1', 'CN', TO_DATE('1989-10-23', 'YYYY-MM-DD'), 'UK');

INSERT INTO OFFENDERS (OFFENDER_ID, ID_SOURCE_CODE, FIRST_NAME, MIDDLE_NAME, LAST_NAME, SEX_CODE, CREATE_DATE, LAST_NAME_KEY, OFFENDER_ID_DISPLAY, ROOT_OFFENDER_ID, RACE_CODE, ALIAS_NAME_TYPE, BIRTH_DATE, BIRTH_COUNTRY_CODE)
VALUES (-2000, 'SEQ', 'MARKY', null, 'ANDREWS', 'M',TO_DATE('2005-01-01', 'YYYY-MM-DD'), 'ANDREWS', 'A1000XX', -2, 'W1', 'CN', TO_DATE('1989-10-23', 'YYYY-MM-DD'), 'UK');

-- Offender Bookings
INSERT INTO OFFENDER_BOOKINGS (OFFENDER_BOOK_ID, BOOKING_BEGIN_DATE, BOOKING_NO, OFFENDER_ID, DISCLOSURE_FLAG, IN_OUT_STATUS, ACTIVE_FLAG, YOUTH_ADULT_CODE, AGY_LOC_ID, BOOKING_SEQ, ROOT_OFFENDER_ID, LIVING_UNIT_ID)
VALUES ( -1,  TO_DATE('2017-07-08', 'YYYY-MM-DD'), 'A0001' , -1, 'N', 'IN', 'Y', 'N', 'LT1', 1, -1, -111001);

INSERT INTO OFFENDER_BOOKINGS (OFFENDER_BOOK_ID, BOOKING_BEGIN_DATE, BOOKING_NO, OFFENDER_ID, DISCLOSURE_FLAG, IN_OUT_STATUS, ACTIVE_FLAG, YOUTH_ADULT_CODE, AGY_LOC_ID, BOOKING_SEQ, ROOT_OFFENDER_ID, LIVING_UNIT_ID)
VALUES ( -2,  TO_DATE('2017-07-08', 'YYYY-MM-DD'), 'X0001' , -2, 'N', 'IN', 'Y', 'N', 'LT2', 1, -2, -211001);

--Orders
INSERT INTO ORDERS (ORDER_ID, OFFENDER_BOOK_ID, CASE_ID, COURT_DATE, ORDER_TYPE, ISSUING_AGY_LOC_ID, ORDER_STATUS, NON_REPORT_FLAG) VALUES (-1, -1, -1, TO_DATE('2017-07-07', 'YYYY-MM-DD'), 'AUTO', 'COURT1', 'A', 'N');
INSERT INTO ORDERS (ORDER_ID, OFFENDER_BOOK_ID, CASE_ID, COURT_DATE, ORDER_TYPE, ISSUING_AGY_LOC_ID, ORDER_STATUS, NON_REPORT_FLAG) VALUES (-2, -2, -1, TO_DATE('2017-07-07', 'YYYY-MM-DD'), 'AUTO', 'COURT1', 'A', 'N');

-- Sentences
INSERT INTO OFFENDER_SENTENCES (OFFENDER_BOOK_ID, SENTENCE_SEQ, ORDER_ID, SENTENCE_CALC_TYPE, SENTENCE_STATUS, START_DATE,  END_DATE, CASE_ID, ARD_CALCULATED_DATE, SED_CALCULATED_DATE, SENTENCE_CATEGORY, FINE_AMOUNT, SENTENCE_LEVEL, DISCHARGE_DATE, STATUS_UPDATE_REASON, LINE_SEQ)
VALUES (-1, 1, -1, 'R', 'A', TO_DATE('2017-07-05', 'YYYY-MM-DD'), TO_DATE('2017-11-04', 'YYYY-MM-DD'), -1, TO_DATE('2017-09-04','YYYY-MM-DD'), TO_DATE('2017-11-04', 'YYYY-MM-DD'), 'LICENCE', 120.00, 'IND', TO_DATE('2017-11-04', 'YYYY-MM-DD'), 'A', 1);

INSERT INTO OFFENDER_SENTENCES (OFFENDER_BOOK_ID, SENTENCE_SEQ, ORDER_ID, SENTENCE_CALC_TYPE, SENTENCE_STATUS, START_DATE,  END_DATE, CASE_ID, ARD_CALCULATED_DATE, SED_CALCULATED_DATE, SENTENCE_CATEGORY, FINE_AMOUNT, SENTENCE_LEVEL, DISCHARGE_DATE, STATUS_UPDATE_REASON, LINE_SEQ)
VALUES (-2, 1, -2, 'R', 'A', TO_DATE('2017-07-05', 'YYYY-MM-DD'), TO_DATE('2017-11-04', 'YYYY-MM-DD'), -1, TO_DATE('2017-09-04','YYYY-MM-DD'), TO_DATE('2017-11-04', 'YYYY-MM-DD'), 'LICENCE', 120.00, 'IND', TO_DATE('2017-11-04', 'YYYY-MM-DD'), 'A', 1);

-- Charges
INSERT INTO OFFENDER_CHARGES (OFFENDER_CHARGE_ID, OFFENDER_BOOK_ID, STATUTE_CODE, OFFENCE_CODE, CHARGE_STATUS, MOST_SERIOUS_FLAG, CASE_ID) VALUES (-1, -1, 'RV98', 'RV98011', 'A', 'Y', -1);
INSERT INTO OFFENDER_CHARGES (OFFENDER_CHARGE_ID, OFFENDER_BOOK_ID, STATUTE_CODE, OFFENCE_CODE, CHARGE_STATUS, MOST_SERIOUS_FLAG, CASE_ID) VALUES (-2, -2, 'RV98', 'RV98011', 'A', 'Y', -2);

BEGIN
  INSERT_IMAGES(TO_DATE('2017-07-05', 'YYYY-MM-DD'), TO_DATE('2017-07-05', 'YYYY-MM-DD'), -1, -1,
  'FFD8FFE000104A46494600010100000100010000FFDB004300080606070605080707070909080A0C140D0C0B0B0C1912130F141D1A1F1E1D1A1C1C20242E2720222C231C1C2837292C30313434341F27393D38323C2E333432FFDB0043010909090C0B0C180D0D1832211C213232323232323232323232323232323232323232323232323232323232323232323232323232323232323232323232323232FFC0001108012C00F003012200021101031101FFC4001F0000010501010101010100000000000000000102030405060708090A0BFFC400B5100002010303020403050504040000017D01020300041105122131410613516107227114328191A1082342B1C11552D1F02433627282090A161718191A25262728292A3435363738393A434445464748494A535455565758595A636465666768696A737475767778797A838485868788898A92939495969798999AA2A3A4A5A6A7A8A9AAB2B3B4B5B6B7B8B9BAC2C3C4C5C6C7C8C9CAD2D3D4D5D6D7D8D9DAE1E2E3E4E5E6E7E8E9EAF1F2F3F4F5F6F7F8F9FAFFC4001F0100030101010101010101010000000000000102030405060708090A0BFFC400B51100020102040403040705040400010277000102031104052131061241510761711322328108144291A1B1C109233352F0156272D10A162434E125F11718191A262728292A35363738393A434445464748494A535455565758595A636465666768696A737475767778797A82838485868788898A92939495969798999AA2A3A4A5A6A7A8A9AAB2B3B4B5B6B7B8B9BAC2C3C4C5C6C7C8C9CAD2D3D4D5D6D7D8D9DAE2E3E4E5E6E7E8E9EAF2F3F4F5F6F7F8F9FAFFDA000C03010002110311003F00F410314A0669C17069F8F7AA6CD040A3D294023B51B4F6069C14914000149DE94293EB4BE59FF26801B4E073DE93611D79A0203D3F9D003B1484D28523D290C649ED40099E68340463DC528889EF400DEFD29714BE5B03D451B4E3AE2801BF90A42F83EB4BB3D4D1B3EB400D2C4D2EEA5D8294AE7BD003723BD34907A529524F1485306801290E08E69DB7D290A03D41A0061209E6938F4A785069760C75A7702032367007146E523AD4BB1734D312E29A6319F201D69B20DCBD05298B278068D8C8AC7AE3B7AD0041E51F4A694A9F2EDC14E2A366C702803440CD380C50296A44341E69D4019EA28FA50029A33EB4DDC7B834B400BBBDE930477A01A5DA280007148093484E3A0A09CD003B3C52934D07350CF736F691F9B737114483F8A470A3F5A432C671D68E3D6B95BEF1FE8562080F35D30ED6E80FEAC54562DCFC518A3E60D31F67632CC01FC803FCE8B8F959E88067AD472CF1C442B30DC7A283C9AF24B8F89BAA4B330812081063002EEC74EE6A847E3BBD8EF999C2166FBC5B277718273F51FA517158F6A59449C0E0E33820838FC69D5E6167E3CDC811ED9422E36985C823D383C5745A6F8EF4B9D843773490C9DA478F0A47BE338FA9C0FA517416675679A4208EB4C8A449E359227478D864323641FA1A901CD31099A4A5E9480D001487A52938A4268012838EF4018EA69719E9CD0030B13C014D3BCA96230054A411D69AD8C1CD34041E69230CB83ED4C283A9E6A465CAE71CD47CAE734C668D380A6D1522173484E0D28E7B5211ED9A0055208F4A5DB9ED4CC52EE2B400A540E39A0A93D0D2839A6B48A8A59B803926818855BD4D50D5F57B2D0ACFED37D711C6A784527E673E8A3A9AE6FC49F102DF4E8DA2D36317170C0E1DF854F7C672DFCABC9EFEEEF356BD92E6E64796763F33BB6481DBE83DAA39BB0D44EB75DF897A8DC93169AC2CE2C91BD54348C3EAC0E33EDCD72725E4D73299AEAE65B86C6035C4CD2BE3B0C93C8AA2200580DDBC8EBED57A0B6F2A30FB473D58E686D0D2631A59589DAAA89EA473FF00D6AA524BF39EEDFA9AB73962595149C9E5DF392055209B0124F2684EE36866F791B1EBD053849F3E2400A838CFA7F9E69B1B133A91D067151AB1329E7926A88342267B721A36F97D3B62AFAB0923DC5B7FAFA8FC6B32DA6D8D82323A303573CC552768DA4F4CFF0010A4522C5BEB7A869D286B2BE9E23C13B1CA938E99ECC3D8835DD787BE2746E05BEBC021E82EA28F8FF81A8FE6001ED5E657057A1420F639AAACF83C8DD9FD29033E9C8A58A789258244962719592360CAC3D411D452D7CF7E1FF136A5E1BB8F32C67731338692063946F7DBD33EE306BDAFC39E23B2F1369FF69B67DB347813C2C46E8DBFA8F43FFEAAB24D7A5C01DA8391DE92810BB69A783C714B9F7A38A004DDEB4A4641A4DA28C9C1C9CD0030F2D48C99352018EB8348CD81D053B81640CD27D314A46285E9480523349D2968A0009C76A61A7019A43803268020B8BA8ADA26799CAA81927693C7E15E59E2AF1B5D6A324B69640C568BF296E8D21EFF0087B56BFC42F13DBD943F628A4324EFC9453C28F7AF266BD9EE251CE707A545EECB5645B7988936BBFCC7A9EF9F4A9ED2C5AE40641FBB3904E33DFF00C6AB58D8CB7770B1AA96627E63D9457A3697A6C76B0AE17A00066B2A935136A70E639E1A2C70C4AF32A86CF098C9C7BD5C1A689146F51D3800602FE15B8B646E2E5E7957F76BCA8CF5F7A9DA2503E55E718E3B563ED19D0A9A394B9D2902967E806702B0EE2C19BE60A5231D01EF5DC4D66CC0BBF217A2F6CD43FD9C42AB4830EDD17FB83FC7FC6B48C989D34CF3D96CE486405860F61FE7EB55C5BB1932BD0F22BABD4ECB332C6ABF7BA9CF5F5FD6A8416599480B9C0FD3A56AA7A6A63EC7DE332381D81600AB7BF7A5D8C41475C91D323A574D069EAF09C29273915149A70DDE87D697395EC0C28AC3CD246EDA48FC2ABDD69F3DB925D09C0CEE1C8AE8CD948832BC91D8F19AB11A798BB5D0FB704FE4697383A2B638ADC547CBEB83ED57B4ED46F747BF4BEB0B8786E106323A329EAAC3BA9F43FCF04695EE90B13F9814ED2407007AF7AC5B8825B59F637DD3D18F35A292673CA0E3B9EFDE19F11DBF8934A5BA897CB9D7E59E1272636FEA0F383FD7206B919AF03F0CF88EEFC3BAA0B8B7FDEC2C36CF6C180122FB67B8EA0FAF1D09AF75D3B50B6D56C21BDB4626099432EE1823D8FBD52219608C8A4391DE9D91E9494C41C7AD0466908C51C91DE8013381D3348719F4A439140049E94D202E018A08CD079EF4A2900DE94A0E6838038E6933ED8A0000C567EB9A98D23499AEC2191D46110776ED9E7815A1D3DEB13C54EABE1EBD2EA48111031D4678E3B77A4F61ADCF02D62F67BFBF9AE2790BCB23925BD79FE5E94E82D9608C281F37563EE7B533CA59AF955788D79E6AF42824BA1CE46702A2FA1695D9D5785F4F0226DCB86EF915D68855630BEB591A22AA5B803807A56B973DF9AE29BBCAE77538D9030C8C7F9EB9A1115CFA51C0C9279ED4A24C3F523E949336489BECCB804A8E3A0C74AAEF6E4BB12A78E07E557A39918609C9029415DD918040AD912CE66FEC824AA580DEC5F27F1CD655B58F95770861F2BA95C7E5FF00D7AEBAEA34930DC121B39AA6F0C78071CA3647E58FEB4EE2463F90D6F2640F95B834B344A4AB8539E87D3FCF4AD0923120ED9F5A6346A0E31C7A541A58A26105307F5AAAD0794D95E57AFD0D683903DEA3618F4C7A52BF6134401048A430FAD64EB5A607B4DEAA372F4E2B68B8E9EB51DDFCD6720EBC55A7ADCC2715B33CEC8652A304104807D0FF009CD767F0FF00C4CFA46A02CE4901B1B96024563C46E7F8C7A7BFB7B815CA5DA15918A8C67AFB1A8A3971705F1B438E47BF7AEA381E8EC7D2DD0E3914BB7D6B90F01EBB2EA5A4FD9A766796DC001C9CEE5EDCFB01DFD2BAEFCE9A1317EE8A09CF6A4A09C531099E738A0B01480669081EDF9D005A048E94BCF6A414B400734641EA31452100F5A0069620D6178B77BF872EA34272E029C0CFCA480DFF008E923F1ADFC027AD64F89003E1DBEC7FCF16FC78A996C38EE8F0892309331033C124559D2103DC6EC743FE4D4327CC6673D86091EB4ED226D8E0310327AFB564F589B457BC77FA6FC91027F2AD1071C7A9ACEB339854E08E0718E95703B75CD7133BE2B4242483DA83C9E5C7E74D2075CD26D39CE31E98A1168906F1D39A7EE7230770FC29D0A0E3AF15636A6DE403F4AD512CA6EC4F001C53183EDE4D4ECA19F18C7F9FA50F1AB0C7CD8F722A8114C03CE39E79355A4003138E056A3448A0019FF26A9C910DFF007B03D7148B5A99B205720AE71513A8C63A7E157DE200E77649ED552556C91807DC543DC4CABBB07AD121DF1374E9430E771CD31F818CE455A6672394BF842BB03D7391592406CAE092A78FA56EEADC48E0E39E95808C44C0E7827047E39AEA86C70555EF1E81F0DAF7CAD5CDB37DD74201071838E3EBDC7E35EB80F1DABC47C11131D7E0DAC7729E31E9DFFAD7B629F6AA46721DB48A43D28CF34B5448C38EF9A08A5E7D28201EA4D3405A073452019A307BD2016827038A43C51B4500348205657891B6F86B5239C7EE1BF956BE7071599E218CCBE1ED49149E6DA43C7A85247EB532D98D6E8F0691B10375C36E3F8D53B09499E300F4356A54115BA9FE1009CD41A45BF9FA8C607201ACD6C6DD51E91A6926D549EE2AF29C704D416C8A90A8C678AB1180C3A63D78AE27B9DF17A122AF4E4D4C4018C1154E5BC8EDC00DCFE3501D5E0C1F9B073C0356A2C2E6BA15CFCC3F2A972AAB92C40C5738DAFDB038128E7B53BFB722653960C3D6B45163367CCDCEDF354334A55724F39AA50DEE55D830C1FF003FD692598791FCE9376296A5C171B90119C62ABC931248F5AAA2EF1064B0181D2A849AB450A12CC33F5A12B8AE91AA5F2793C542402C49E9590BAF5BC9905F07DE91359881237823D41E29B8364B9C4D19719FBB54A403D3140BE173829803F3A7300D820E7DE959ADC8934CE775C4C2EE1C1F5AE6377EF413D2BB4D6210F62EC072066B8C0A7CDE47A574C3638AABD4EE3E1EA193C51023E010AC7FF1DE7FAD7B373ED5E53F0BAC9A7D62EEEC9CA45081F562411FA29AF55DD5A455CCE4F5146477A09C0A6E49E800A3EB5562452C6939A68E0E7A9F7A78C0E940CB34514548850714647D6939A5048E94001047A5452A0785D6450C8548208ED5276AA7A8CAD1D8C9B31BD8155E7BE3F952635B9E05A9848BCC8C7FCB3F9467D3FC9A97C228AF78475602A0D51248EEE58E4072554FE6320FE4455BF05203A938C7DD049AC9AF719AA7EF23BE5F94E3B77AAD757E222403815248FB09279E38AC099F7DC9258000FE55CA8ECBB1D7335C4E9E644C720F20F435897D7BAAA0DB16E5ED95ABB36B49112224127FB44E07E18EB59B2EBF71726454862C46A5986E54E07A163C9F61C9ADE09F6329592D599725C5E3312E5B71EB56ED67940058904F27EB5596E66BADEEA8FF002F5E87FA53D66257E75FA15E95A34C50B7467516172EEBB7924F6CD6CCE2458366DE36E6B13C2EBE7CE43755AEEAE6C5459E703245612D19D69E879E5EDE4D02BA8383D457393CF33B679F7AE83C4AC229B601F31CD73A25318E1437B9E95B42D6B9CF55EB62358EE5DBE50C7E957A0D32F3EF30602A25B9BA8E5881611090F0ED9000CF53804D1FDB97B1CEF10996450DB43A0CAB73D4640355EF74304E17D4D58E392DC9EB9EF5A16775FC0703D6B146A53336264FC40C5588E5512ABA3707918A8B3EA6B75D0DCBC8FCCB49863F84D703CAC9E8738AF428C896238EEB8AE0675DB78EBDC120D69031AA7AF7C33B136DE1C96E9D4AB5CCC428CF545181FF008F17AED8103DEB9DF05C620F0869D19EC85FFEFA62DFFB30ADF041EA6B45B18B260467AE28DD9A62B01D053CF3DE980DE7D0504E051DC529C0E828116E8A4072296A4028A3BD04E280109CD646AFA8C76B34319DA5890E431E983FFD635AD5E77E3F122EAD6D24648CC0BD0F4F9987F4ACEAB6A3A1D186A6AA54E56731E2CD0A493515BAB4E616554017F836A851FA0151F84B4DB9B6D4E57963214A1E7DF22B5A2BA9378866CE48E09EF5A1A7A859188F4AC1CDDACCDE545269A24BA8CEC20679AE52FADA691DE35DC3231C0EB5DBECF3474E6A2974D0497239FE558C5D8D794E1AD74992394B48118E30141E95997BE1DBF7BC7FB358CEE0B6E578E32DDF3CF15DADE5A18D890327D00ACE782427FD537F2ADE350CA54A3233F48D1EE2CA390DC43E5B32EC0AC79FA9A962D1109DC64D8C4F273907F0ABBB5D46D63B3FD915AD67A78F2C49203EC0F14DCD9A461656457D12C160BA79000AB9C71D2BADBD908B2500724719ACB863C328418E462B4AFF0073598CB1240AC1EBA9AF2DAC79EEBB6C2E6667C6587F2EF55EDF4680B095CF99DC29191FA62B4A58DC5D485B27FC29DE4E63262EDDBD2B58CAC89942EF98CBD4F4C5BF8D02491AB202BF370187F4AC58B479A294798D16C18EB203C761D7A574EFC8DAE327DC55392DCB72A8D9FA8AB53319528B773366859A41870A57FBA3AD36189BCD04AE1B3CD6AC361216CBF18AD04D3FE5DDB7045394C6A9ABDC6D8E5630BCD72535B349ABCEA720094A863F5EA6BB4897CBEA2B1AE900BD94F00039CD106672A77923D0747F106996F6D6BA7C7E7A88D163DCEAA00C000743D2BA6DDC74AF166B96568C231553CFB9AF60B594C9636ECC7E668D58FD4819ADA126CCAB5350B34590C7D4D4A1F8F5AAE09C75A914951EB56604C339C9C5049CF151862C79A933814058B74514548828233452139A0008C5711E3288CDA8407AE102FE1927FAD76E7A1E6B96F13407ED714DD9D718F7079FD08FCAB2AAAF13AB06FF007A729731C2A8CD21DACBCAD1A2DCA5C798E8C0A8E3F1CD47AA43E7DB9C73C66ADE956B159E996EA8A159D048FEA58807F962B06AD13BAAAB235A191549C1079AD057575C6335831C9B011D2AC47718C67AD6628ABA2F4F64251C6471C11599268A6561991F3ED57E2B925B24E3E956D245EB9507BD521F2D8CDB5D02DE07F36425DBB6EA75D0025551803A55F92E000700640ED587713B4B7B1C29D0F24FB531C575352D220F2039C73DAADDEC4A50A7248EE6B222BA101186F98559B8D66191307686C633425A06A63EA3020F9B1838ACDB790C4F83C8F6AB3797B148C543024FBD65095E0B9553D18641A1474D46DEB636DECE29C07DA338E47BD57FECF1B8FF00081562DE43E5AF353EF523711822A439510436A8839C7D689244553FA541733B6DCA9C67B566C970DC11C8EA6AD2B838A48B6D202DC75E86B12FBE7BE923538E85BF21C55E8DF7904F5ACABEF9757939C6E0A7F4FF00EB56D18E873AD6761D2266684638E95EBBA79C6936193926DA224E3B9415E54AA1BCB27A83D7F5AF4ED2D1A1D36D558618429907B7CA38AD2246295A08D20C075A76EE0F7A80104F35280074AD0E11CAE54F5A904991D6A0391D29CA327AD006AD14138A01CD48801CF6A2823340340084E6B1BC43179960B201CC4F9FC0FCBFCCA9FC2B65BDAA19615B885E17195752A69495D58D29CF926A479DF966E229213F7E3C8A8AD37AC7E5C80829C0CFA76AD77B2D972E24631CB136C7C1EB55AE1D6560CA801E4647715C8FB1EA5592944A658FAD024E739231D291C80D4D22A088B6598E623A9FA55C8E5000E73F8D660C92140C9AB912B0519C63A8E2835BDCB134B88D893F9D6579FE4CCD336318C0ABE627B893CB5CFAD49A86911B69CE9920E3A8ED5690376389BBF11C31DF988091D9BAEC19C7EB514D78C58B6E38EB51368525B4B248C4331EE055298329C739ADD45743073635B5B896E046C24524FDE238AD84B91722151CB29E2B9D9AC9E4504AF35B3A140EB711F9B4E4958506DBD4EAA14DA83B52BB6D1CD4A62318CF355662DCE0E3DEB959D054B8909078ACF739FF000AB5236723D6ABB28CD69146737A0B6FF78550BE42FAA21C6414193F89ABF09C381DAABDDC6CD329E71B7071F5AD51943E3458D3A0FB66A31403A3B88FF0279FD2BD441CE4F735C47856C835CBDC95C47082A991D58F5FD33F98AECE36F5AD22B431C5CEF249742CA818A7938E94C5391466ABA1CA286CF1522E01E6A0CD1B8D17036BA7BD2839A4071494843A933EC69680314009D452640A534840268031F5AB4568FED4ABF3A603F1C15F5FC38FC2B95B8B8569962046003802BD0382304020F6AC4D4745B05B7B8B88AD544CA8594866E0819E0671EA3A77358CE9DDDD1D54AB251E5671729CB75C814E5704124FB54529C39E9D7BD39578CD733368B2CA28EAA324F6CD5B89081827F0AA4AE1691EF36F7FC69EE6EA4AC6BACEB12803BF5A7C973BA3233C115CCBEA414E06093C1AB2B7CFB0761FCAB544393632F5320F3CE2B9A922569989E707BD7453DDDB1CAB4A3777C9ACFF00B3C2C5E412A8527919AA8B21C1B331D14718E6AF5B6D42181C62A29DADB77CB2AE7EB5099990E010C3D6983BA67402EC71F375A64F32329C735803506DE3773522DE3396F5EBD6A1C0A554B92B740A2AB3124F5A049B8E73D4530924D34AC4CA43A33871F5A9EDE1379A8342A3A3804E38A82204CAB8F5C5757A76971D8BC92025E47392C456895CCB9F97534ED208EDA048621845181EFEF57E239154A3393D3156A335B2391EBB975490297351A371CD3EA4414A067BD25380C50901B231EB4BC7AD274A073D450029E7BD2E29282706800E3D45378F514BD7A8A4E3B8A004C7B8A8A403A1EFC7E15263DAA194FA8A4079BDF5BB5ADD490B005A362A4FAE3BFE34C43C126B63C48806A08E060BC409FAE48FE407E558A3A1FA5724959D8ED8BBA14B64F158BA8DDBC248EBF4AD62F95CE6B3AE23499F0DDBF5A51D0D2F74607DAAF6490F9718C678C9AB48DA93A1568C9DDD007E2B6628228F04E39EBC53FCD112EE1DAB553F22A11B6AD980BA1EAD37CE8D111E99A6CBA56ACB98FCB000192449C62B626D54C0D95E0F5C8AAB26B8CC3E604B1EFEDFE715AC5DCB5CBDCC4934BD4623F33A0C76A8F37D10C10A476C1AD596F59DB775278A679A1CF20536CCE518F46657DA6E863312E3D8D5C82E59C63041A98A2B1E05356208C303151CC64E25D472231ED528249E4D4007CBDEA78F904D2132DE9F199EFE18F1F2EE19F6C726BB4047A8AE6B418944EEEC7E655E07D7AFF9F7AE817A56915A5CC2A3D4B2AD8353C6C055356C76A9E33568CCD0471C54BB97DEAB467DAA653C7414301FB85385341C76A334846ED14039A2800A28A5E050021E6908C52D1400C3D2A07EF53B7A5432671401C8F8AB9BC8187198BFA9AE781C8E3BD745E2D53E7DBB762847E47FFD55CB962A73DBBD724FE2676417BA84738C8CD5565C302572055B7E390060F351EC0DC83C77A9344CAD292071926B3EE24719078CD6C18327D78A8CD889DB0DD288BD4AB1CD4F21CF3CD55694F4DA7DCD768FA75AC2B9DA33D89ACB9FCA47DA11464E4702BA22C970660076C0EBCFB75A98331ED5B1F634953EE76AA92D91471B470686C1C2C429D05480734A203D48352AA8EA462912C38C601A9D0058F26A18977313D314B2C9BDF0B8D8BFE734224DDD0E426E9C0E850FF315D0039E2B9BF0E9CDD3E7BA1FE62BA40715A47630A9F112A9C54C9502F4A963383548CCBD191538AA919F6AB49540C928A2940CD4DC46F019A4A50714139A004A29D4845002521A7038A4A0061E9D2A290E2A6A8641C50072FE2A1F25A8F4DF8FC76D720DD4D765E285DD15BFD5BFA7F8571F2022B92A7C4CEFA2BDC22539520F4ED42B00704E05372437348F86E945AE125665B4000C8EE69ED708838233EB5496723E56383514CC5871C63D6850294FB85EDC6FE14F6AC64B4B8B8B8562DB133C30E6ACCCCD93818F5CD4D13E22EA323B56DB0A4EE594FDD47B3EF7BD519A4C48D9E73DA9B25D3B74241A84297393D68B0DCD6C4DBB72E3B9EF4DC0036E29772AF0BCD341C024F5A56316EE24AFE526C5EFD6A2520003BD35DF27269A18B30A7D0A8A3A0F0F1C5E7D548AEA17A5729A1362FD3D0823F4AEAC1C55C7630ADF112038A7A9C9A8C1C8A7AF5154645B88D594381552338AB49D2A901601C8A50714C069D4846E8A7938A41462900A0E69B4A78A09CD002514504E280109CD412038E2ACA44F21C22963ED537D8828CC873EC3A52B81C7F8997167139ECE47E95C848324D77BE329211A7C16A8C37F9BBB03D02919FD457092A63A67FF00AD5CB3F88EFC3FC05170411F5A88C8CA6AD4B8CE6AB32139A68D65111B6B83D0D54732C7919C8EC0D3E45656C8A699830C38E2A96E60D58AAD3B03CC783DF14CFB471F72AD3046E411F9D40631C9AA4C444D31246D4141691860B607A0A56280F245466E003F2E3EB4C44BB828F4F6A8A49702A13213D4D464E4E69A45243C386EDD2A68F839C5575C8FC6ACC4BEBF850CB48D2B198DB4A2550094E79EF5D2D8EA915E0C02124FEE93D7E95CA4646083D0D447CEB4B61771664547D922852360C6473EF86E7FD9FA655EC655237773D014D4A8718AC9F0FDE9D52D5083918C02DD462B69EDE587EF21C0EE3915A277399AB12475653AD554ED5612AD08B2BD29F512F1522F4A3611BF4BD292A4585DBA0C0F7A9023A0027B5594B503A924FD2A654445E98F61405CAAB6ECDD7815623B641D793EF5270CA010063D2951B07D6912D8E4255948E873918E299331239FEF62A55C0C639E0D46FDE9096E703E2A0EBACB658EC681182F6072C0FF0021F957364738F418AEB3C5F1EDB8B7931F7A22BF91CFFECD5CA329078AE692D4F4E87C28A72A004E3F0E2AABA903BD5E946EFCAAB48A41E0703BD346DD0A8CA0F06A9CD1F06AEC83E6C7F4AAEFCF5AA443465C9BD412A79AAAD34B8F5AD39631DEAABC439E2AD19B894F7B939E69EA314F29C74A00C0E955E6090D233EB4A07614B919C0E7D69CB9F4A43487A2E3935328E01FC6A351C76A90600E9D28B16C9D4ED19E3A525B122F7C9F94ADC46D11567DA09EABEC7E603AFE9512B13DE95033DCC186D84CAA376338C9EB5324672573A8F055B3C6F76C4931821507E79FE42BBE8BE6519AE67C316E22D1E3902B0F398C9F375C741FA0AE9E2FB9570D8E493BC8AF2D94458951B33E9D2A1304911E4657D4568CA306971C03562B19E8DC73528356BCA8DB01907D68366B825588F63CD3B89A3A448553B734F0076A4049A09A44751DCFB7E145349A50D9A0430F999E3A53882E839F9853B39E315192E8DED4AC04B1BE704E463AD23F5A11B72F5E690F4A42EA73DE27B5F3F4979147CF0379991FDDE8DFA73F85703211DCE49AF57939C823208208F515E61AC583E9B7D2407253EF46DEAA7A7F87E158D45D4EEC3CB4B140F4E3B5412FCDD452997B63F5A88CBD8134923AD104A80F403E98AACC091823156DC9E73D6A07CE7B9154268A526EFC7E9559B238CD5C9001D091F4AAEC833C367F0AA466CACC87AE69817D7F5A9994E334C3D739E6A9210CDA33C63F2A902E0607FF005A803278CD2E769EB40C70207A531DF9A6F9847414D45667CD00D93AE48CD4F6F0C93DD410443323B80BF9D222903918AEAFC23A59795F5195480BF2C40FAF427FA7E752F576264F96373AAB785218E3850611142AFD0568C58DB559572455D8D718E3A735A1C5BB239797E0D3932169AC32C29EA38A631C003EB4F0707148071C1A39EF40CDE07DF1471DA9B4B9CD0662D040EC680334374EA68014122977F18C544588F7FAD394923268158781839069CD9EF5137CA323D6A5072993498990C832338AC2D7B481AA5990B859E3E636F5F627DEB7F1906ABCA3149ABA2E2DC5DD1E3B736CF13B23A6D653820F041AA87703C66BBFF16D9C3E44774176CA5B6311FC43B66B859D40638ACBAD8F4A12E657222411D727F2A8248C9E79FCEAC0C11D0547371D29976D0CC97786E0F1F8D45B9C1FFEBD5F6F98126AB18D4804D5A22C55667F7FCE95636279CFE1569635C67A52A0C5024AE405768E31CF5A8189356A42413557EF49CD306B41150E2AC4283AE38A0A0031576CE2579634E4066507149BB08BBA56932EA771B541112FDF7C7007A7D6BD120812DE048A350AAA00007A5476767058DBAC16E9B107E64FA9F7AB6832C29A471D5A9CCEC491A64FA62A773B63F734B1A8209F7A648724D519DAC463A6727352A8E9CD47527F0D3B164898EB9A074E3029A4E1F02941CD303FFFD9');
  INSERT_IMAGES(TO_DATE('2017-07-05', 'YYYY-MM-DD'), TO_DATE('2017-07-05', 'YYYY-MM-DD'), -2, -2,
  'FFD8FFE000104A46494600010100000100010000FFDB004300080606070605080707070909080A0C140D0C0B0B0C1912130F141D1A1F1E1D1A1C1C20242E2720222C231C1C2837292C30313434341F27393D38323C2E333432FFDB0043010909090C0B0C180D0D1832211C213232323232323232323232323232323232323232323232323232323232323232323232323232323232323232323232323232FFC0001108012C00F003012200021101031101FFC4001F0000010501010101010100000000000000000102030405060708090A0BFFC400B5100002010303020403050504040000017D01020300041105122131410613516107227114328191A1082342B1C11552D1F02433627282090A161718191A25262728292A3435363738393A434445464748494A535455565758595A636465666768696A737475767778797A838485868788898A92939495969798999AA2A3A4A5A6A7A8A9AAB2B3B4B5B6B7B8B9BAC2C3C4C5C6C7C8C9CAD2D3D4D5D6D7D8D9DAE1E2E3E4E5E6E7E8E9EAF1F2F3F4F5F6F7F8F9FAFFC4001F0100030101010101010101010000000000000102030405060708090A0BFFC400B51100020102040403040705040400010277000102031104052131061241510761711322328108144291A1B1C109233352F0156272D10A162434E125F11718191A262728292A35363738393A434445464748494A535455565758595A636465666768696A737475767778797A82838485868788898A92939495969798999AA2A3A4A5A6A7A8A9AAB2B3B4B5B6B7B8B9BAC2C3C4C5C6C7C8C9CAD2D3D4D5D6D7D8D9DAE2E3E4E5E6E7E8E9EAF2F3F4F5F6F7F8F9FAFFDA000C03010002110311003F00DE55E2A4039A00C8A900C50488178A728A551C629C07340098A70A5029C05002014E0334629719A0029714014EC500371EF4A29714BD38A004C60D2D14520131EF4A051CD2E280129714B4B8145C06E28C53C73C50460D003314B4EA31C6280198A00A7628C5301A4629A462A4C52119A008B148466A42293140C8F14D22A4239F6A6E2802B28F5029F834629C38A0420F4A701DA8A51D280140A701483A53C0C500260D3801480669D400A0668C5006296801314BDB14507A75A4020E0D18E7349DF8A502900A3AD14004F404D31A68A3C87963523D5C503240714BF5AAA6FECD464DDC18C673E60A9A29E299774522B83C7CA734058940CD07A0A3B74E941E94C426062940EF40EB834BEF400847D28C52D14C000C52118A5CD180680198A4A7E3DB34D23068023233F5A695E6A4C1CD21A065614B8A00A75020C5281401934A3AD002814E14014B8E2800A5C5253F26801B9F5A514D273C53A800C0C9E291B6A82CCC0003249ED55AFF0051B4D362325CCAAA40E133C9FF000AF35D77C637776EF14326DB6E817279A97248763B8BDF1569B6A1823F98EBD7B2FF003CD72F79E3D7DC4452951E9128E9F535C03DC49339CB33331E4E7BD3190BC9963D392477A8BB655AC74373E32BB92E76A9273C92CC78AA12788AF5B2E24017A6156B2DA2690E79C9ED53988B2F0471D850D02D49FF00B675061B8CD2018F5C71566D3C4F7F6AAEA242FBBE61598219021CF2A7B11FE7BD336B29CB0C363FA5081A3ADD2FC7775095695DD4723E5E40E7D3D2BB9D23C616578AA92BA873D581FE62BC5523C121B2091EB528BBB81B2E4BBF9DF79883827FCE053F40DCFA1E29A2B84DF13ABAF4CA9C8A7D78DE81E2DBAB1B950F36E4C7DE3F5FD6BD4B48D620D560CA32F98002554E734D3EE268D2CD147278E94B802A89128C52D007AD300FC734C23D69E3F0A6B73C62801A45263DA9D8CD14015714A050052D00005380A41C1A5A005C9A5078A4ED49400E06949C74A6E0D2923B719A0033CFAD73FE22F1441A2A797195798F041CFCA7F0A97C49AEC7A258B1E3CF75F9067A0F5AF2D659EF2633CC7748C72BDFAD44A562E31B8DD4353BBD4EE0C92C8CE5DBEEE7A552961C904649CF1ED5D1DB688CCC991CE33C5581A203315504E3D2B0E73650393F2362E076FD6858860A839CFAF5AE924D15953CC2A727EEA81F9554974F9ADF3852588C9C0E82AB9C1C0CE48304609652391E8054905A4D3DB49398C889792C077EBFCAA5681D1732461771C01CE7E94924F20B3F2941019F6019FCE9A7722DD4B0B6C8F7B6C8CD953089083D3FCFF8D55BEB46F216E80006E2AFFE35766641159CAD965F2E4461D3A608FC39A9AE15ED5089C6E8E524B80338CF515481A39B78C2739C923F2A85D4A2FA1C67EB5A9770178B7A1F90642E3D01C75AA93C1B54144F940CE4F3D6824A8AC01DE0718C7E35B7A36AD75A4DC096373B4E0FA563ECF9724E3208C62A65DE6228411C007EB4D823DB742D7A0D5E1501904A00E077AD9E3B735E1BA2EA92E9D791CAAC720FCD8E8457B469B7F16A5629730B292C3E65C8E0F7E94D325AEA5B04E28A28AA448EC0A611E94FE29A7A9A6037146297141E940CA94A062940C528EB40802D07D297BD211DC5002528140C679A7AE3B50037BD57D42EA3B1B09AE646F9635278AB457BD705F10758F2E05D3626E5B0D276E3FF00D54A4F41C55CE42EEF67D635369277251497C0E78CD74BA2694B3CAB3483803205733A2C3E6CD803249E6BD274E8161802AF5C0C9AE69B3A69C4BB6F631EEDD819FA50BA546B3B4807CA7B7A55B8633B339ED53A8358736A74F2E84034E85B6EE50C01CE3155A6F0FC77531790E013F36075F6AD98D4F1F2D5854E6AEE435638EBDF09DB3BB48C321062345EDEE6B95D4FC3EE00F2942C299E07527D49FCABD7D6318E45432E9704E41923071E9C55A64B48F1982CEEA4BA884EB8821521540F5EBFC853B5F996EAE5DA18D946CDACBEADC004FE3935EC834BB6504088283D429C67EB59D3784EC25903321DBBB76D1C027FC2AF9993C88F1D4B5966B3FB15B46D29C8F9C1C0CF7FD78AD6BDD29ECB4C48E518923476623BF4247D300D7AB5BE8965684186DE30474E2A8EA7A12DEC522E426FE3207F0FA0F4A14BB89411E3F1E9A8229DD54FEED83063DF3818FC8D0F61E5CF246C18AA10383D457AA3F86E082DA3B78E2531AB173D3923279FC6B39BC32AAA59FBAF27B9A4E6354CE0A6B4571F2AAEE3919518CF6FEB5B1E0DD61B4ED461B794B98A46F2DD7D09EF5BEBA246B74C4AE5106DE475C81CFF002AE5F57B16B1BA6990602C9C734A33D4994343D78800907391C52019ACFD16F8EA5A3DADD37DF741BBFDE1C1FD4568919AEA399AB0521EB4E148793400DA28A2811540C8A7819A40A7A83477A000F14751487A52AF5E79A0002F14FCE074A4A438FC28062160A19C9C000924D78BEB33C9AC6B324A4E726BD5FC41726DBC3B7D221C31408B9F5271FCB35E65A5D81925693AE3D456751F4348234F45D3BCA0A48E49E4D7676918017D3158F61094081863AF15BB6E30724572CF73AA08D18D41A956300FAD3605C800E6ACE00A948D491060702A558C939A855AA51251724995075DDFA54AA31500900F4E3A5289063AD5A921589B2BEF41C7AD422427A1146FF5A7CC8561E54530AE32314CF339A3CD19EB49CAE3B11489907B1AA3221E462B41D87B55593047151B951335E301CF1C9AC3D5EC12E2D650579E181C7715D2BA0209EF59571C165C678A23B84A265F81F55DB25C68B291B9099A03EA3232BF875AED6BC8FED12685E2986EC0388A4CB0F5523691F957AEA32BA2BA9055C06047704022BB60EE8E19C6CC00C518EB4A064D29EB5640DC1CE69294FAD263A5005614119E4714019A5A04348E7AD0303D78A5F7A41400A4E734D3F8FE14ADD68CF6A00E67C69391A75B5BA673348491ECA3FC4D62E996C15077C8AD4F16967D46CA30010202FF005CB1FF000A86C509DA0726B19EA6D0D8B96B1B99056C42B8E7D2ABC316C5E7A9AB28C1485EB9E95CD2D59D28D0889EB9E2ACAF3D05568F9C00327D2AE46027CA4E4FA5572E85363962FF00F5D3C4631D4D3B18EF8A914E4F4AAE4110188F50334850FA1156F6E48EA00A7F9543A68451543B09E78A6ED6F7ABA63E08A608480DC9E69381572964E79C9A6B29EA3357BC9E3BD33CA00E73F5A97061CC5162D9E41A61CF5238ABEF1F1503271D4D2B586A45361C7159D70B924D69CDC7D6B3256C92285B8499C1F89ADF75CB4801DD9CD779E10BC17BE18B273F7A35313E3FD9247F2C5731AEDB6F05CF0D8E462B5FE1E061A0DD45CE16ECB01F555FF0AE9A4FA1CB516875C801F5F4E29594819A58F3416EBD6B63123A460076A5A2811505281E940A01C1A04047A8CD378F4E29CCFE9EA699927B5001F8D2703AD2F1DBAD04F7A00E53C47BA4D7A351D12DD40FC49353E9908571BB8C7346B484EBBBC746B78FB7B91FD2A4B2E32477E95CF51EACE882D1178B01525A47E649BC9F9474AAF274007738AD4B5B762BCA617EB59246F7260EDC85F973EDD2A58CED6C3647A9EE7FC2956DB3C61864766A4314310F99D768F7AB5606C635EC513E198B37D73C7E1551EE5B7EE8A47087B30C106AEB5E5963609217E3206573FA9A85E442D910360FAFFF00AEA81264B6DA9396657FBE3A64D6D5B5C063B9BB0E4573E1173954009EC0568DB4D9EBC13C552068D1460CCD83DE95C6D207BE39FC6A285417DC3B5366976CB907A73F8D20E84B732246E17208C7F9FD6A8C97B144304D57BBB82C570DF3739AC79E391CF1B48EF961CD26C2C6F8BB864E430F7148CE8791C81E95CFAC1A831F91768F6E055B43711AE268886ED8C37F2353A31D8B13104E47E5590DCC8E0FE357A591D72D8381DF1D2A84CC1A70C0609E08EA3F3A8920B9475088183715E4D4BE058CC3657EB9C8FB40FE5525F29FB21DA6AD78523D9A55C9E3E7BC76FF00C7507F4ADA91854D8DBCE38E4D19E738A3A515B9CE03A51477A28195067B528ED4828CD04836314CA56FAD2700500281920773583710EA6F7B717305D4AA63918245BBE42A0F008ADD505D82E7193515A309516E4F0B333104FA6E38FD3159D4BDB437A114DEA605CDD7F684AB2F92F13C3188E4561FC5924E3D4734FB1C9278E2B6F54B64FB348C1464AE73597A7C47CB524573B937B9B2825B16E088C9723D856DABAC4A33D2A95A4404A588038AB6F1176E7EE8A4996BCCA7A9DD5C8880B7214138CB700D64EA5A52FF00C23AF7724ED3CE5977A963B517273C7E5D7D6BA292D5645C119FAD442C536B29C8523047AFD6AE361C95F63CCF4DD3ED59EE8CC1A3B98E5C47104057CA2AA4B6ECF5CEE18C0E82BD663D2D0E9167398C5BDD3C28F201C297239C8E9F9566C5A46996F2AC9E536E1CE54F7FC6A49E4F3A425DE471FED373549A8AD495093772681A292DDCAF2E87E6F6FA540D37CF8079A557112108A149F415594334BB8D43934696BB35EDE61E59CB8CD41713664500F27AD3221F2FD2AB5D02A72BD4734AF61F28F2818162D85EE6AA5D016B66D78D6ED242A4286CE013E9EB53BB9786331300CA72411907EA29BA8CD3EA7A43D9B44A64590489B78C9E841E7D33549A7AB25DFA1CD41E2EDB2946B03E5AF05E298E49FA1E3D6BA4B5D6637DA938652C0328652A48238233D4572A747D561F2ED664716E87F7436280A7279240E4FCDD4F3C0F415D5EA696F369D6967146EE96D1AA248410C3000E33CF6A6AD6666EFCC917592DDD43A39C9FCAB1EEAD7CA9030381BB91562C849027EF1B2180EBEB4FBD21A0CFB8A8E6BA2E51B19B7641B2393CD68F8723F2F448895DA5DE4623FE0647F4AC8BFC88C26719EA05747A7C1247A75B2143911296E0F048C91F9935B52472D42CE2908A5A2B6321A01A2940C5040E280295145141235864D369CDD314DA001B3E5B80482548C8ED9069251B6186DE151B5402A076006053946481EBC53AC71292F8CFCAABCFB0159543AB0FD5105DC84DA107A91B48F7A86D13E4CD58BD8808AE6655C01D3FC6ABDBBFCA391E95CF246C6940A335710601E3BD53801E31EB5A31AE4722925715C6BE17680C0923271D8D34924F22AC7943238A956251556028342643D38A68B558F276E58D68320CE00A6B2E01F5AD12B22B999912C654E5AAB0F97EB576EFA9CF4159CF2AAAE4F5FAD64CB57B17606F90A9A8673893AF1DBDEA7B5463186C7519A82F53CBC12A480687B1436D97323AF6EA2AC9B2FE2033505B604B91C8AD98305060F4AA5B10DB46708980E41F5C135288159791C8ABDE502BCF5CD44D110D9A1DEC4F314248463A5412443C8208E87F2AD368CFB9ACF077090F663BBFCFE553AB0BF431EEED8DC5D44A07241FF1FEB4E9F4DB899BED1757523CDD776318F4C7A568C31E6FE2C739C8FD2AEB46B2B927A2B0551EBEB5714D9292EA4899312331F98A8CFD70334B45381CD751C4C43F76929D487AD0050A28A282443D4D348E69F8E3269A7AD003A35CBA8F7150DA5C791A746E7A74A9D5B045416B024BE6DBC87E453C56750E9C3B49BB96A4C4DA39C60EE539FAD615AB90A01EA0D6D430FD92D6EA02E5E36C18C9ED5888B894D73B3666EDBBE40AD3439C0F4AC6B37EDDFDAB5626E9CD242DCBAAA7834FEA698879ED8A78615A0C36AE3279A89C638A9B20D47236CFAFBD31987A96E695614CF4CB55682CC1752DFAD68AAF99712BB724638AA971FDA46EC2C36D1AA0FBCCE49EDFCEA524D9A74B236AD2DD0C39271B4525E4313C446067154E2BD609B5810C3822A2BBB99DE31E4461DB38C93803DEAC8D6E56823586EB1CEC6F97E95AF1A14EB59C913889D6750187465EF5AEA03007F3A8B58A61B877A71C107AD34441656604F3DA9E4638E3F0A0876BE844EB8EB59B3A2C60EC5C0AD290E56B32E9F24FA734988A901637E810E0A8273E9C1AB168AC17E66C90EC3F97F89A34D8832ADC13F33C8C83E801CFEB5344A37C98ECC47EB5A43744C9DA0C980C5147D4D15B9C8149EF4A286E9D28033FB8A07DEC528E693BE6842149C0A6539B3D29A734080D3049E44B211FF2D171F534FC535D43AF3D41C83E95328DD170972BB97BC9335AAC7DC8C66B9D6568EE594FD2B722BC9523D86304F620F158D7449BF7CB739E71584E0D1D519A7A22FDAFDE15AB175C9EE6B26DC1DBFCAB4E36CFE22B319791863AF34E0476A803E0F5A0CBB47BD55D0CB3BC62AB4926E39A8E4976AE49AAED3F2382452BDCAB04D09DFBD5CAB1F4A922BB68FF00D71CE7BFAD5726691BE5518E3AD3BECB2C982ED8C16C0278C1A6AE55EEACCD08E3826C65392037E1556F25585584780B9C73FA53A3260CEE2CD95C023B557BC81A68B7231C918C1AB77252771226924653249B80E83B568432E3E53DEB1211730F0EAC718033DFFCE2ADC5719C73C8C5436CA7A9B39C7271416E2AAC571E6478239152EEE3029A64344733601AC7BE7DAAC335A93F43FAD62DE7CEE1073938A9249E39194C2810AC48301FDFBFEB9AB703178D9CFF001BB3536796368DF030AC400BE9CE4D491AEC8957B8EB5B53DEE4557EED8928A6F4A53D2B63985ED4D27BD2E78A6E4D0052068A40714A4E2824093D69B4BBA8ED9A004EF4375E28FC295BF9D0032B2EFD76DFAB6301C035AA4E0550D417779527F75B07F1A8A8AF134A6ED22F5A8E01F4ABF195519AA36A72A3E82AE13F2E6B959D63DA4F9FE9499DC7776150B372454D12E5703A9A076487A45E79249E3D2895228C7CC40E38A9B6ED5C838C0AC6B9B7BB9E4C93853E954ADB0D2BB2D1BC049F2C0C0EF51FDB1653B7CC1B876CD5116213E560C49F7A95B4EB76DBB8738E49AD51D31844BA975B46DF354719C64531E6776DC5F26AB369B048A0B2718C0355DF4D031B64703FDEA0AE55BDCD25BB2182BF4A956D11D5A55FBC7A62B25A291502EF2D81C6474E6B534D9481B181FF00EB54C92EA615636D4232F14BF3F5EF57F7F22ABDD27CC181EA39A23704806B2BF6326EE3AE1F0A4FAD65C4CAD7B097385DDCD5EBA6013AFE1546D577DE9DC010B1F3C67926AA2AECCE52B2B9667457BA4543B803B9B1F8FF00F5AAC6734D5445E11401ED4A38F7AEA5148E79CDC98FF4A3AD26EA5A64884E6929707346003CF5A00A00E6949CD329D41207A5203C529E94DA180A0E0D0589A4A0D0036A1BA5DD6B2FB2E7F2A9A9186E465F518A4F61ADC8AC260C806715A79CAFE15CEDBC862707F84D6C473023835C8F43B91331CE6AC43C818AA879353C249228DCA65EC71CD1B39CD3431A7648F7A1124A1576FDDCE29AC91FF7067E94E57C77C0A6BB67907357CC34D90B48CCFB4A1E07A527931EEE547E54A59D2419A99181E09E69297729B6B622FB345D900FC29BE5AA11B462AD374E3A542464134A5A937646F823A8C8AAE30A4FB54EFC0C9EA6AAC870879EB50088EE1FE5CFA532C07C9239C7CCD81F41FF00D7A82790BB10B924F157634F26248FFBA306B7A4B5B9855969627E7B52038A404D3957FF00D55B9CE00648A79C0A4240A6EEC838A06296C5349CF6A4079A427B50052A514BC1EB4A02D313129B527CB8C66831E7A11F9D16111D069594AF0453734862503A8A2909CD0233923DE190F6271ED4B0CCF0C9B64EDD2A6002DDB81919E69F3DB8921271CAF4AE396E76C762549F3DEACDBCA370E7BD63A33631FC5DAA449CA3609208F6A43573A546040A786EC3A566DADD031FDEC9CD5F4719078A690EE4EA81B8A732151D08C75A48DC67754B2CA248CA7A8F4AB51409A2BF92B2157EB8E41A1E0C3EFC9E9D3B1A212B1E1413B41C2E4D4C5C30248E3B53B21F3BB9086E30682475A61751260F1DEA296E5543678C7B545B425B1971201C66B327B800601A65CDD195BE539AAF1A1958E4640E4D4B0BBB684D6796BD527A00C47E55A9925BD4D67403CBBB8C01D54FF2AD21F28C9EA7AD74D1D627355DC7AAE39346EE48A616CF5A518E735A198A4679A4EBD05266901C503148C51F89A426932450052E2969B9A5CD00381A50DEB4DCD140992894E0E7914155619E86A2CD2AB63E94086B020FB5254A791519E281A2ABFCB780F6283F9D68C6A19307906B36E1BFD222F7523F5AD181BE55C8AE59FC475D2F84AF2D885E573C543E5E78619ADC081862A09AD149C8E0D414F53159258BE68DB81FC26A487556076C8A476C0AB661E69F15A24C482067D48AA26CC45D51597018027B1AB1FDA0BE581E60C81839A6AE960F1B571EC0549FD8EBD7A55DC455FED34567DCC0F7C66A5FED40501DE067B67B52B6870B36E239A46D2225EC3A52BB02BCFAB285C210CFD86738AAC5AE2F23F9D8A2FAFAD5F5B08E1E428CE2959060E2A772AC50F2864222F157440B1C5B47153C10AAE588A7CA32A71D2A0A8AB19B19C5F443FDE1FA1ABE4FCBC566C8DE5DE40C3FE7A01F99C55E2DD462B7A1F098575EF0F279A5CE41A60E3D2947B574188EC8A073DE99C528E3A5160149F4A4CE05213CD250053CD2E6A306977516024CD19C8C5373466908751DB14D27340E2801F9C52F5A8F3934E0DC629D8454BC189A13E9915A107DCC550BD1F2C4DE8F8FD0D5CB724A8E7B572D4F88EBA2F435633C53DB918A861391F854D838ACCD0A2FC49C74A992125B729C1A8253893156602481540CBD106C0CD5855F5A8E1E82A62477356409B01A89E31CE6A50CBEBC5472B6050C6CA738183548E3763156A77EB54D72CD8F5ACCA45943F20C5326040CFAD4AAA42F34C97A73D2A7A8D3D4C5BD631ED71FC241C7E35789193F5AA7A82E606C73C54B05C2DC429321E187E47B8ADE8754635FA32C64D00D303669723B9AE839C7D3B350EEA76EC2D00293CD26EA6939A42DCD00520D9F4A5DD510340639A101306E052EEA87753B77BD3024CD283C54618E6973412389A506A2CE28DFB7249F7C9ED40116A13AA2C1167E7924C8F60075FD455BB56C000D73ED70D7B786E08C469848C7B67AFE35B96C4E179ED5C7525791D704E3135636C679AB4AD91D6A823F3FCEAEC641A966845711F7A644C5580ABCC818557D9B0F4A626EE5A865E7AD5B521866B39411C835345295E0D526496CF03355A57A73CB95A89864537B015666CE401491459E4D4CC9CF4A7A2E074ACB52D0DE7A54529F97AD4AE48E2AB4878A12B81997B928704D63433CD6526E8FE68DB978CF7FA7A1ADBBA19522B25103273D89A4A4E2EE8A7152D19A96D7B0DDA6617E47DE43C32FD454D9CD604B68C9279D03B46E3A329C7E753C1A85E4AC903081652DB55F6139FA0E83F1E2BA61554B439AA5271D8D90734B9AC7BCB9D434CBF782E7CB991704154DB91ED57ADEEE1BA8C3C4C0FAAF75F622B452B9CEA49BB22C13C9A693CD213C526699467839A76EA841CD3B71C0A68093771406A8B39A767A0A044A1A9DBAA11D29771A0074920442CCCAAA3BB1C0ACDD42F7CE26CE060DB80F3194E401E99F5ABD1A2DC6AB05B4A034214B95FEF11D3349AAE976BA6EAFE5DAA6C471B88CF43EDF9567564D2D0D6941396A52587CB8401D874AD4B57F917E9546E0E233F4AB36849551ED5C68EA96E6A46DF366AFC2E3A565C44838ABF013568468AF34C75C9E452A715211C66B4B5D1044AB4FDA0D00719A78A12018148A5C5480629AC314C08F1CD3B0314B41FE950CA4577CD5472727DEADC9F76A94A71CD422A254B8036E73CD6424A04922FF00B59ABD792B153F4AB1A0E896BA91926B8797E53F7558007F4CFEB4A30721B9729523CCE42468598F602BA0D3343B7B45FB6DCB079B07001F95073FAD6C43696D676DE5DB42B12E3A2E79FCEB95F11DF4F066D2360B138F9B8E4D6F1828EA71E2310D45B4616AB71F69BE77DD941F2AFD074ACC742B2EF56657F55383561871F5E6A25E724D07CFBAB2E6E62D5BEB5342365D234A3B3A000E7DC569DB5FC3769BA263C750C3047E15CF4A7041EF9A85669615124523238E3231D3F1AB8CDDEC76D1C4C9E923FFD9');
END;


  -- Release Details
INSERT INTO OFFENDER_RELEASE_DETAILS (OFFENDER_BOOK_ID, RELEASE_DATE, COMMENT_TEXT, MOVEMENT_TYPE, MOVEMENT_REASON_CODE, EVENT_ID) VALUES (-1, TO_DATE('2021-10-14', 'YYYY-MM-DD'), null, 'REL', 'DD', 1);
INSERT INTO OFFENDER_RELEASE_DETAILS (OFFENDER_BOOK_ID, RELEASE_DATE, COMMENT_TEXT, MOVEMENT_TYPE, MOVEMENT_REASON_CODE, EVENT_ID) VALUES (-2, TO_DATE('2021-10-14', 'YYYY-MM-DD'), null, 'REL', 'DD', 2);


-- Sentence Terms
INSERT INTO OFFENDER_SENTENCE_TERMS (OFFENDER_BOOK_ID, SENTENCE_SEQ, TERM_SEQ, SENTENCE_TERM_CODE, YEARS, MONTHS, START_DATE, END_DATE, LIFE_SENTENCE_FLAG) VALUES (-1, 1, 1, 'IMP', 1, 0, TO_DATE('2017-07-08', 'YYYY-MM-DD'), TO_DATE('2021-10-14', 'YYYY-MM-DD'), 'N');
INSERT INTO OFFENDER_SENTENCE_TERMS (OFFENDER_BOOK_ID, SENTENCE_SEQ, TERM_SEQ, SENTENCE_TERM_CODE, YEARS, MONTHS, START_DATE, END_DATE, LIFE_SENTENCE_FLAG) VALUES (-2, 1, 1, 'IMP', 1, 1, TO_DATE('2017-07-08', 'YYYY-MM-DD'), TO_DATE('2021-10-14', 'YYYY-MM-DD'), 'N');

-- Sent Calcs
INSERT INTO OFFENDER_SENT_CALCULATIONS (OFFENDER_SENT_CALCULATION_ID, OFFENDER_BOOK_ID, CALCULATION_DATE, APD_CALCULATED_DATE,  CRD_CALCULATED_DATE, SED_CALCULATED_DATE, HDCED_CALCULATED_DATE, HDCED_OVERRIDED_DATE, CALC_REASON_CODE)
VALUES (-1, -1, TO_DATE('2017-07-13', 'YYYY-MM-DD'), TO_DATE('2019-02-13', 'YYYY-MM-DD'),  TO_DATE('2019-10-15', 'YYYY-MM-DD'), TO_DATE('2019-05-24', 'YYYY-MM-DD'), TO_DATE('2019-07-13', 'YYYY-MM-DD'), null, 'NEW');
INSERT INTO OFFENDER_SENT_CALCULATIONS (OFFENDER_SENT_CALCULATION_ID, OFFENDER_BOOK_ID, CALCULATION_DATE, APD_CALCULATED_DATE,  CRD_CALCULATED_DATE, SED_CALCULATED_DATE, HDCED_CALCULATED_DATE, HDCED_OVERRIDED_DATE, CALC_REASON_CODE)
VALUES (-2, -2, TO_DATE('2017-07-13', 'YYYY-MM-DD'), TO_DATE('2019-02-13', 'YYYY-MM-DD'),  TO_DATE('2019-10-15', 'YYYY-MM-DD'), TO_DATE('2019-05-24', 'YYYY-MM-DD'), TO_DATE('2019-07-13', 'YYYY-MM-DD'), null, 'NEW');


